"","acc_id","acc_name","trial"
"1","1446244","Devote","AWY1_DVPWA_2024"
"2","1447224","Jameson","AWY1_DVPWA_2024"
"3","1446799","Jasper","AWY1_DVPWA_2024"
"4","1445406","LCS Hulk","AWY1_DVPWA_2024"
"5","1445959","LCS Shine","AWY1_DVPWA_2024"
"6","1443960","MAS14075-B-B-2-2","AWY1_DVPWA_2024"
"7","1447538","Norwest Duet","AWY1_DVPWA_2024"
"8","1632097","Nova AX","AWY1_DVPWA_2024"
"9","1446998","Piranha CL+","AWY1_DVPWA_2024"
"10","1632126","Rollie","AWY1_DVPWA_2024"
"11","1444008","Sockeye CL+","AWY1_DVPWA_2024"
"12","1447021","SWW13292-B-B-B-4","AWY1_DVPWA_2024"
"13","1444621","SWW15107-1-1-1-4","AWY1_DVPWA_2024"
"14","1445161","SWW15196-1-1-1-2","AWY1_DVPWA_2024"
"15","1447529","SWW15309-1-S-15-1-1","AWY1_DVPWA_2024"
"16","1446076","SWW15312-1-S-86-1-1","AWY1_DVPWA_2024"
"17","1445599","SWW15317-1-24-1-1","AWY1_DVPWA_2024"
"18","1444798","SWW15509-1-14-1-1","AWY1_DVPWA_2024"
"19","1445930","SWW16110-1-1-1-3","AWY1_DVPWA_2024"
"20","1445449","SWW16110-1-1-1-4","AWY1_DVPWA_2024"
"21","1444814","SWW16222-1-1-1-1","AWY1_DVPWA_2024"
"22","1447244","SWW16236-1-1-1-4","AWY1_DVPWA_2024"
"23","1446380","SWW16300-1-1-1-3","AWY1_DVPWA_2024"
"24","1447096","SWW16371-1-S-65-1-1","AWY1_DVPWA_2024"
"25","1445040","SWW16377-1-1-1-9","AWY1_DVPWA_2024"
"26","1443922","SWW16392-1-1-1-5","AWY1_DVPWA_2024"
"27","1444122","SWW16424-1-13-1-1","AWY1_DVPWA_2024"
"28","1447630","SWW16454-1-7-1-1","AWY1_DVPWA_2024"
"29","1444342","WA 8345 AX","AWY1_DVPWA_2024"
"30","1445982","WA 8364","AWY1_DVPWA_2024"
"31","1446209","WA 8394","AWY1_DVPWA_2024"
"32","1446165","WA 8397","AWY1_DVPWA_2024"
"33","1445679","WA 8404","AWY1_DVPWA_2024"
"34","1632241","WA 8416","AWY1_DVPWA_2024"
"35","1632061","WA 8417","AWY1_DVPWA_2024"
"36","1632147","WA 8420 AX","AWY1_DVPWA_2024"
"37","1632198","WA 8421 CL+","AWY1_DVPWA_2024"
"38","1796605","WA 8438","AWY1_DVPWA_2024"
"39","1796598","WA 8439","AWY1_DVPWA_2024"
"40","1796599","WA 8442","AWY1_DVPWA_2024"
"41","1796601","WA 8451 MZ","AWY1_DVPWA_2024"
"42","1632075","Windust","AWY1_DVPWA_2024"
"43","221592","ALLIANCE","TCAP_2025_MANKS"
"44","236812","ANTELOPE","TCAP_2025_MANKS"
"45","1779904","Bob_Dole","TCAP_2025_MANKS"
"46","238193","BOND_CL","TCAP_2025_MANKS"
"47","223089","CENTURA","TCAP_2025_MANKS"
"48","232862","CO04W320","TCAP_2025_MANKS"
"49","1477306","CO13D01383","TCAP_2025_MANKS"
"50","232914","COLT","TCAP_2025_MANKS"
"51","233317","CULVER","TCAP_2025_MANKS"
"52","228290","EXPEDITION","TCAP_2025_MANKS"
"53","228212","GOODSTREAK","TCAP_2025_MANKS"
"54","238037","HARRY","TCAP_2025_MANKS"
"55","233049","JAGALENE","TCAP_2025_MANKS"
"56","1366701","Joe","TCAP_2025_MANKS"
"57","1416148","KanMark","TCAP_2025_MANKS"
"58","1366716","KS061278M-4","TCAP_2025_MANKS"
"59","1367115","KS061406LN~26","TCAP_2025_MANKS"
"60","221270","KS090387K-20","TCAP_2025_MANKS"
"61","1477297","KS15COGDPOP02-1","TCAP_2025_MANKS"
"62","1477236","KS15COGDPOP02-4","TCAP_2025_MANKS"
"63","1416043","KS15COGDPOP04-1","TCAP_2025_MANKS"
"64","1416035","KS15COGDPOP04-2","TCAP_2025_MANKS"
"65","1477300","KS15COGDPOP08-2","TCAP_2025_MANKS"
"66","1477266","KS15COGDPOP09-2","TCAP_2025_MANKS"
"67","1477250","KS15COGDPOP11-2","TCAP_2025_MANKS"
"68","1415976","KS15COGDPOP19-2","TCAP_2025_MANKS"
"69","1477267","KS15COGDPOP20-1","TCAP_2025_MANKS"
"70","1416239","KS15COGDPOP20-3","TCAP_2025_MANKS"
"71","1477239","KS15COGDPOP59-1","TCAP_2025_MANKS"
"72","1477233","KS15COGDPOP60-4","TCAP_2025_MANKS"
"73","1477265","KS15COGDPOP60-5","TCAP_2025_MANKS"
"74","1477308","KS15COGDPOP61-3","TCAP_2025_MANKS"
"75","1416036","KS15COGDPOP69-1","TCAP_2025_MANKS"
"76","1416174","KS15COGDPOP69-3","TCAP_2025_MANKS"
"77","1416226","KS15COGDPOP69-5","TCAP_2025_MANKS"
"78","1416120","KS15COGDPOP70-1","TCAP_2025_MANKS"
"79","1416114","KS15COGDPOP70-2","TCAP_2025_MANKS"
"80","1477197","KS15RLGDPOP04-1","TCAP_2025_MANKS"
"81","1416046","KS15RLGDPOP06-2","TCAP_2025_MANKS"
"82","1477220","KS15RLGDPOP09-3","TCAP_2025_MANKS"
"83","1477337","KS15RLGDPOP09-4","TCAP_2025_MANKS"
"84","1477313","KS15RLGDPOP11-1","TCAP_2025_MANKS"
"85","1477259","KS15RLGDPOP16-3","TCAP_2025_MANKS"
"86","1416047","KS15RLGDPOP16-4","TCAP_2025_MANKS"
"87","1477290","KS15RLGDPOP23-1","TCAP_2025_MANKS"
"88","1416089","KS15RLGDPOP23-3","TCAP_2025_MANKS"
"89","1415964","KS15RLGDPOP26-5","TCAP_2025_MANKS"
"90","1416192","KS15RLGDPOP27S-2","TCAP_2025_MANKS"
"91","1416007","KS15RLGDPOP29-2","TCAP_2025_MANKS"
"92","1477248","KS15RLGDPOP29-3","TCAP_2025_MANKS"
"93","1416158","KS15RLGDPOP29-4","TCAP_2025_MANKS"
"94","1416102","KS15RLGDPOP30-1","TCAP_2025_MANKS"
"95","1415962","KS15RLGDPOP30-4","TCAP_2025_MANKS"
"96","1416124","KS15RLGDPOP37-1","TCAP_2025_MANKS"
"97","1416116","KS15RLGDPOP37-2","TCAP_2025_MANKS"
"98","1477278","KS15RLGDPOP37-3","TCAP_2025_MANKS"
"99","1477325","KS15RLGDPOP49-1","TCAP_2025_MANKS"
"100","1477321","KS15RLGDPOP49-3","TCAP_2025_MANKS"
"101","1477272","KS15RLGDPOP52-2","TCAP_2025_MANKS"
"102","1416021","KS15RLGDPOP65-2","TCAP_2025_MANKS"
"103","1416084","KS16COGDPOP03-2","TCAP_2025_MANKS"
"104","1477294","KS16COGDPOP14-2","TCAP_2025_MANKS"
"105","1416155","KS16COGDPOP16-1","TCAP_2025_MANKS"
"106","1477343","KS16COGDPOP16-2","TCAP_2025_MANKS"
"107","1416006","KS16COGDPOP16-4","TCAP_2025_MANKS"
"108","1415979","KS16COGDPOP16-5","TCAP_2025_MANKS"
"109","1415989","KS16COGDPOP17-1","TCAP_2025_MANKS"
"110","1416093","KS16COGDPOP42-1","TCAP_2025_MANKS"
"111","1415952","KS16COGDPOP42-3","TCAP_2025_MANKS"
"112","1415987","KS16COGDPOP42-6","TCAP_2025_MANKS"
"113","1416004","KS16COGDPOP51-1","TCAP_2025_MANKS"
"114","1477256","KS16COGDPOP51-3","TCAP_2025_MANKS"
"115","1416140","KS16COGDPOP51-4","TCAP_2025_MANKS"
"116","1416107","KS16COGDPOP51-6","TCAP_2025_MANKS"
"117","1416213","KS16COGDPOP52-1","TCAP_2025_MANKS"
"118","1416225","KS16COGDPOP52-2","TCAP_2025_MANKS"
"119","1416063","KS16COGDPOP52-3","TCAP_2025_MANKS"
"120","1416061","KS16COGDPOP52-4","TCAP_2025_MANKS"
"121","1477324","KS16COGDPOP52-5","TCAP_2025_MANKS"
"122","1416135","KS16COGDPOP71-11","TCAP_2025_MANKS"
"123","1416119","KS16COGDPOP71-3","TCAP_2025_MANKS"
"124","1477328","KS16COGDPOP71-5","TCAP_2025_MANKS"
"125","1477295","KS16COGDPOP71-7","TCAP_2025_MANKS"
"126","1416125","KS16COGDPOP71-8","TCAP_2025_MANKS"
"127","1477243","KS16COGDPOP71-9","TCAP_2025_MANKS"
"128","1416188","KS16COGDPOP72-1","TCAP_2025_MANKS"
"129","1416085","KS16COGDPOP72-5","TCAP_2025_MANKS"
"130","1416075","KS16COGDPOP72-6","TCAP_2025_MANKS"
"131","1416091","KS16COGDPOP73-1","TCAP_2025_MANKS"
"132","1416090","KS16COGDPOP74-2","TCAP_2025_MANKS"
"133","1477291","KS16GD2POP03-2","TCAP_2025_MANKS"
"134","1477205","KS16GD2POP04-1","TCAP_2025_MANKS"
"135","1477277","KS16GD2POP06-1","TCAP_2025_MANKS"
"136","1477263","KS16GD2POP06-2","TCAP_2025_MANKS"
"137","1477184","KS16GD2POP11-1","TCAP_2025_MANKS"
"138","1416142","KS16GD2POP12-11","TCAP_2025_MANKS"
"139","1477240","KS16GD2POP12-13","TCAP_2025_MANKS"
"140","1415961","KS16GD2POP12-16","TCAP_2025_MANKS"
"141","1416088","KS16GD2POP12-2","TCAP_2025_MANKS"
"142","1477196","KS16GD2POP12-8","TCAP_2025_MANKS"
"143","1416187","KS16GD2POP13-2","TCAP_2025_MANKS"
"144","1477279","KS16GD2POP13-3","TCAP_2025_MANKS"
"145","1416037","KS16GD2POP13-4","TCAP_2025_MANKS"
"146","1477275","KS16GD2POP13-6","TCAP_2025_MANKS"
"147","1477226","KS16GD2POP15-1","TCAP_2025_MANKS"
"148","1416137","KS16GD2POP15-2","TCAP_2025_MANKS"
"149","1416014","KS16GD2POP15-3","TCAP_2025_MANKS"
"150","1477274","KS16GD2POP16-3","TCAP_2025_MANKS"
"151","1477183","KS16GD2POP17-2","TCAP_2025_MANKS"
"152","1477180","KS16GD2POP17-3","TCAP_2025_MANKS"
"153","1416200","KS16GD2POP17-5","TCAP_2025_MANKS"
"154","1416176","KS16GD2POP18-3","TCAP_2025_MANKS"
"155","1416052","KS16GD2POP19-1","TCAP_2025_MANKS"
"156","1416169","KS16GD2POP19-3","TCAP_2025_MANKS"
"157","1416160","KS16GD2POP19-4","TCAP_2025_MANKS"
"158","1415971","KS16GD2POP28-1","TCAP_2025_MANKS"
"159","1416240","KS16GD2POP28-3","TCAP_2025_MANKS"
"160","1416064","KS16GD2POP28-6","TCAP_2025_MANKS"
"161","1416010","KS16RLGDPOP13-3","TCAP_2025_MANKS"
"162","1416008","KS16RLGDPOP13-4","TCAP_2025_MANKS"
"163","1416198","KS16RLGDPOP42-1","TCAP_2025_MANKS"
"164","1416194","KS16RLGDPOP42-2","TCAP_2025_MANKS"
"165","1416058","KS16RLGDPOP42-4","TCAP_2025_MANKS"
"166","1416078","KS16RLGDPOP43-1","TCAP_2025_MANKS"
"167","1416087","KS16RLGDPOP43-2","TCAP_2025_MANKS"
"168","1416122","KS16RLGDPOP45-1","TCAP_2025_MANKS"
"169","1415981","KS16RLGDPOP45-3","TCAP_2025_MANKS"
"170","1416000","KS16RLGDPOP46-1","TCAP_2025_MANKS"
"171","1415986","KS16RLGDPOP46-2","TCAP_2025_MANKS"
"172","1416139","KS16RLGDPOP46-3","TCAP_2025_MANKS"
"173","1416136","KS16RLGDPOP46-4","TCAP_2025_MANKS"
"174","1416097","KS16RLGDPOP46-5","TCAP_2025_MANKS"
"175","1416072","KS16RLGDPOP46-7","TCAP_2025_MANKS"
"176","1477187","KS16RLGDPOP47-4","TCAP_2025_MANKS"
"177","1477230","KS16RLGDPOP58-1","TCAP_2025_MANKS"
"178","1477207","KS16RLGDPOP58-2","TCAP_2025_MANKS"
"179","1477317","KS16RLGDPOP61-2","TCAP_2025_MANKS"
"180","1477305","KS16RLGDPOP61-3","TCAP_2025_MANKS"
"181","228893","LOCKETT","TCAP_2025_MANKS"
"182","1416221","N16MD9051-A02-3","TCAP_2025_MANKS"
"183","1415959","N16MD9177-C09-16","TCAP_2025_MANKS"
"184","231982","NE10589","TCAP_2025_MANKS"
"185","234463","NI06736","TCAP_2025_MANKS"
"186","220117","NUHORIZON","TCAP_2025_MANKS"
"187","239427","OK04505","TCAP_2025_MANKS"
"188","238106","OK05122","TCAP_2025_MANKS"
"189","227687","OK05511","TCAP_2025_MANKS"
"190","229120","OK05711W","TCAP_2025_MANKS"
"191","236073","OK05723W","TCAP_2025_MANKS"
"192","223825","OK06114","TCAP_2025_MANKS"
"193","225224","OK11D25056","TCAP_2025_MANKS"
"194","1477342","PW_1_27_4_A08","TCAP_2025_MANKS"
"195","1477215","PW_2_22_2_E11","TCAP_2025_MANKS"
"196","237199","ROBIDOUX","TCAP_2025_MANKS"
"197","227982","SANDY","TCAP_2025_MANKS"
"198","224995","SPARTAN","TCAP_2025_MANKS"
"199","1455992","TAM302","TCAP_2025_MANKS"
"200","1455994","TAM304","TCAP_2025_MANKS"
"201","1455996","TAM401","TCAP_2025_MANKS"
"202","235528","THUNDERBOLT","TCAP_2025_MANKS"
"203","219943","TX01V5134RC-3","TCAP_2025_MANKS"
"204","229879","TX02A0252","TCAP_2025_MANKS"
"205","226128","TX04A001246","TCAP_2025_MANKS"
"206","222732","TX04M410211","TCAP_2025_MANKS"
"207","224322","TX06A001386","TCAP_2025_MANKS"
"208","230103","TX06V7266","TCAP_2025_MANKS"
"209","225885","TX07A001420","TCAP_2025_MANKS"
"210","231727","TX99U8618","TCAP_2025_MANKS"
"211","1477322","U7907.11.3","TCAP_2025_MANKS"
"212","1803239","U8172.15-2","TCAP_2025_MANKS"
"213","1704283","U8202-A-10-4","TCAP_2025_MANKS"
"214","1803257","U8202-A-10-5","TCAP_2025_MANKS"
"215","1477332","U8202-A-10-7","TCAP_2025_MANKS"
"216","1803225","U8202-A-10-8","TCAP_2025_MANKS"
"217","1803222","U8202-A-10-9","TCAP_2025_MANKS"
"218","1477299","U8313-D-6-9","TCAP_2025_MANKS"
"219","1721682","U8313-K-2-1","TCAP_2025_MANKS"
"220","1477212","U8314-E.T3","TCAP_2025_MANKS"
"221","1477315","U8314-M-H11-T3","TCAP_2025_MANKS"
"222","1803227","U8318_U8319_D1_292","TCAP_2025_MANKS"
"223","1416171","U8323_C2","TCAP_2025_MANKS"
"224","1416042","U8323_D5","TCAP_2025_MANKS"
"225","1704195","U8323_D6","TCAP_2025_MANKS"
"226","1803276","U8323_E1.2-6","TCAP_2025_MANKS"
"227","1803245","U8344-I-8-1","TCAP_2025_MANKS"
"228","1721428","U8344-I-8-2","TCAP_2025_MANKS"
"229","1803255","U8344-I-8-5","TCAP_2025_MANKS"
"230","1477331","U8344-P-5-5","TCAP_2025_MANKS"
"231","1721542","U8345-B-4-1","TCAP_2025_MANKS"
"232","1477269","U8375-B-H4-T15","TCAP_2025_MANKS"
"233","1803270","U8382_C10_245","TCAP_2025_MANKS"
"234","1803261","U8386_U8552_B2-288","TCAP_2025_MANKS"
"235","1803246","U8386_U8552_B2-289","TCAP_2025_MANKS"
"236","1416026","U8434_B8","TCAP_2025_MANKS"
"237","1704261","U8434_C1","TCAP_2025_MANKS"
"238","1477286","U8434_C2","TCAP_2025_MANKS"
"239","1803219","U8438_U8376_B9_249","TCAP_2025_MANKS"
"240","1803273","U8439_U8554_U8440_D4.1-1","TCAP_2025_MANKS"
"241","1477203","U8439/U8554/U8440_E1","TCAP_2025_MANKS"
"242","1803258","U8439_U8554_U8440_E9.1-5","TCAP_2025_MANKS"
"243","1416236","U8441_U8549_A8","TCAP_2025_MANKS"
"244","1721633","U8451-A-32","TCAP_2025_MANKS"
"245","1416051","U8453_B5","TCAP_2025_MANKS"
"246","1416178","U8453_B7","TCAP_2025_MANKS"
"247","1416238","U8453_C10","TCAP_2025_MANKS"
"248","1416055","U8453_D6","TCAP_2025_MANKS"
"249","1803242","U8453_E3.1-4","TCAP_2025_MANKS"
"250","1803260","U8453_E3.1-7","TCAP_2025_MANKS"
"251","1704238","U8454_U8446_B2","TCAP_2025_MANKS"
"252","1803274","U8458_U8459_U8460_U8471_D8.1-2","TCAP_2025_MANKS"
"253","1803275","U8458_U8459_U8460_U8471_D8.1-3","TCAP_2025_MANKS"
"254","1803247","U8458_U8459_U8460_U8471_D8.1-4","TCAP_2025_MANKS"
"255","1803243","U8458_U8459_U8460_U8471_D8.1-5","TCAP_2025_MANKS"
"256","1803265","U8458_U8459_U8460_U8471_D8.1-6","TCAP_2025_MANKS"
"257","1416016","U8458_U8459_U8460_U8471_E5","TCAP_2025_MANKS"
"258","1477182","U8492-J.T1","TCAP_2025_MANKS"
"259","1581816","U8502/U8316/U8383_D2","TCAP_2025_MANKS"
"260","1721711","U8536-A-13","TCAP_2025_MANKS"
"261","1721452","U8536-A-21","TCAP_2025_MANKS"
"262","1721625","U8536-A-25","TCAP_2025_MANKS"
"263","1477335","U8542_A9","TCAP_2025_MANKS"
"264","1803268","U8542_B3.1-10","TCAP_2025_MANKS"
"265","1803241","U8542_B3.1-11","TCAP_2025_MANKS"
"266","1803262","U8542_B3.1-13","TCAP_2025_MANKS"
"267","1803230","U8542_B3.1-4","TCAP_2025_MANKS"
"268","1803277","U8542_B3.1-7","TCAP_2025_MANKS"
"269","1803263","U8542_B3.1-9","TCAP_2025_MANKS"
"270","1803240","U8542_B4_242","TCAP_2025_MANKS"
"271","1803244","U8542_C8.1-1","TCAP_2025_MANKS"
"272","1803251","U8542_C8.1-3","TCAP_2025_MANKS"
"273","1803272","U8542_C8.1-4","TCAP_2025_MANKS"
"274","1803259","U8542_C8.1-5","TCAP_2025_MANKS"
"275","1803252","U8542_C8.1-6","TCAP_2025_MANKS"
"276","1721540","U8542-C-C003-11","TCAP_2025_MANKS"
"277","1721500","U8542-C-C003-47","TCAP_2025_MANKS"
"278","1416234","U8546_A2","TCAP_2025_MANKS"
"279","1803224","U8546_A4.2-11","TCAP_2025_MANKS"
"280","1803250","U8546_A4.2-12","TCAP_2025_MANKS"
"281","1803228","U8546_A4.2-6","TCAP_2025_MANKS"
"282","1416164","U8546_B8","TCAP_2025_MANKS"
"283","1803223","U8547_U8433_C7","TCAP_2025_MANKS"
"284","1477198","U8547/U8433_D7","TCAP_2025_MANKS"
"285","1416048","U8551_A10","TCAP_2025_MANKS"
"286","1416113","U8551_A2","TCAP_2025_MANKS"
"287","1803233","U8551_A5.4-10","TCAP_2025_MANKS"
"288","1803237","U8551_A5.4-2","TCAP_2025_MANKS"
"289","1803267","U8551_A5.4-6","TCAP_2025_MANKS"
"290","1803236","U8551_A5.4-8","TCAP_2025_MANKS"
"291","1803234","U8551_A5.4-9","TCAP_2025_MANKS"
"292","1416086","U8551_A6","TCAP_2025_MANKS"
"293","1704256","U8551_B3","TCAP_2025_MANKS"
"294","1416083","U8551_C6","TCAP_2025_MANKS"
"295","1415972","U8551_D5","TCAP_2025_MANKS"
"296","1416100","U8551_E1","TCAP_2025_MANKS"
"297","1477302","U8595-D-3-1","TCAP_2025_MANKS"
"298","1416205","U8715-J-D08","TCAP_2025_MANKS"
"299","1416109","U8816-S-H12-B","TCAP_2025_MANKS"
"300","1416134","U8816-S-H12-G","TCAP_2025_MANKS"
"301","1416229","U8816-V-D10-G","TCAP_2025_MANKS"
"302","1416230","U8816-V-F07-E","TCAP_2025_MANKS"
"303","1416019","U8819-O-G01","TCAP_2025_MANKS"
"304","1416217","U9001-E-D12-D","TCAP_2025_MANKS"
"305","1416065","U9004-B-A01-B","TCAP_2025_MANKS"
"306","1416150","U9006-AI-D16-F","TCAP_2025_MANKS"
"307","1416216","U9006-M-D01-H2","TCAP_2025_MANKS"
"308","1416073","U9015-E-F06-A","TCAP_2025_MANKS"
"309","1477214","U9103-F_E10","TCAP_2025_MANKS"
"310","1803256","U9106-D_A6","TCAP_2025_MANKS"
"311","1477247","U9107-H_B4","TCAP_2025_MANKS"
"312","1704276","U9107-I_D5","TCAP_2025_MANKS"
"313","1477192","U9108-F_E9","TCAP_2025_MANKS"
"314","1704325","U9124-B_A1","TCAP_2025_MANKS"
"315","1477283","U9134-C_E10","TCAP_2025_MANKS"
"316","1721717","U9150-J_D5","TCAP_2025_MANKS"
"317","1704319","U9150-J_E5","TCAP_2025_MANKS"
"318","1704190","U9150-K_E6","TCAP_2025_MANKS"
"319","1704222","U9160-A_A1","TCAP_2025_MANKS"
"320","1477312","U9160-C_E3","TCAP_2025_MANKS"
"321","1704264","U9161-A_E2","TCAP_2025_MANKS"
"322","1721530","U9162-A-2","TCAP_2025_MANKS"
"323","1721679","U9162-A-40","TCAP_2025_MANKS"
"324","1721646","U9162-A-9","TCAP_2025_MANKS"
"325","1477333","U9173-F_A10","TCAP_2025_MANKS"
"326","1803231","U9175-E_B5","TCAP_2025_MANKS"
"327","1704262","U9204-H_A9","TCAP_2025_MANKS"
"328","1803229","U9204-H_B9","TCAP_2025_MANKS"
"329","1803271","U9204-H_D10","TCAP_2025_MANKS"
"330","1704288","U9204-H_E8","TCAP_2025_MANKS"
"331","1704234","U9229-F_D6","TCAP_2025_MANKS"
"332","1803253","U9231-A_C1","TCAP_2025_MANKS"
"333","1477209","U9232-B_A2","TCAP_2025_MANKS"
"334","1477314","U9232-B_D2","TCAP_2025_MANKS"
"335","1477185","U9232-G_B8","TCAP_2025_MANKS"
"336","1721653","U9232-G_D8","TCAP_2025_MANKS"
"337","1803232","U9237-B_B1","TCAP_2025_MANKS"
"338","1704214","U9237-D_C1","TCAP_2025_MANKS"
"339","1477303","U9237-E_D4","TCAP_2025_MANKS"
"340","1803249","U9237_J_A8","TCAP_2025_MANKS"
"341","1704228","U9237-J_B8","TCAP_2025_MANKS"
"342","1803254","U9239-B_E5","TCAP_2025_MANKS"
"343","1704201","U9241-F_D9","TCAP_2025_MANKS"
"344","1477258","U9242-D_D6","TCAP_2025_MANKS"
"345","1803226","U9244-F_C1","TCAP_2025_MANKS"
"346","1803264","U9245_A_B6","TCAP_2025_MANKS"
"347","1477245","U9246-H_C10","TCAP_2025_MANKS"
"348","1803269","U9248-D_A3","TCAP_2025_MANKS"
"349","1477191","U9248-D_A4","TCAP_2025_MANKS"
"350","1704286","U9251-B_C2","TCAP_2025_MANKS"
"351","1803235","U9251-E_C5","TCAP_2025_MANKS"
"352","1803218","U9251-L_A9","TCAP_2025_MANKS"
"353","1704218","U9251-L_C9","TCAP_2025_MANKS"
"354","1803238","U9272-A_A7","TCAP_2025_MANKS"
"355","1704175","U9276-C_B2","TCAP_2025_MANKS"
"356","1477311","U9277-C_A1","TCAP_2025_MANKS"
"357","1477210","U9289-A_A7","TCAP_2025_MANKS"
"358","1477224","U9289-A_B7","TCAP_2025_MANKS"
"359","1477288","U9293-A_C5","TCAP_2025_MANKS"
"360","1803220","U9299-D_D7","TCAP_2025_MANKS"
"361","1704209","U9303-A_D4","TCAP_2025_MANKS"
"362","1477227","U9305-D_A3","TCAP_2025_MANKS"
"363","1477292","U9305-D_D3","TCAP_2025_MANKS"
"364","1721483","U9305-T-C001-18","TCAP_2025_MANKS"
"365","1477254","U9307-F_B7","TCAP_2025_MANKS"
"366","1704259","U9314-E_E9","TCAP_2025_MANKS"
"367","1477307","U9314-F_C10","TCAP_2025_MANKS"
"368","1477268","U9315-O_B7","TCAP_2025_MANKS"
"369","1477338","U9317-L_D5","TCAP_2025_MANKS"
"370","1477309","U9317-P_C8","TCAP_2025_MANKS"
"371","1704298","U9319-C_C5","TCAP_2025_MANKS"
"372","1477262","U9319-C_E5","TCAP_2025_MANKS"
"373","1477257","U9320-A_E1","TCAP_2025_MANKS"
"374","1721477","U9322-I_B5","TCAP_2025_MANKS"
"375","1477289","U9326-I_A7","TCAP_2025_MANKS"
"376","1803266","U9354-G_E7","TCAP_2025_MANKS"
"377","1477336","U9358-D_E7","TCAP_2025_MANKS"
"378","1477190","U9362-C_C3","TCAP_2025_MANKS"
"379","1477252","U9367-C_C5","TCAP_2025_MANKS"
"380","1477181","U9367-C_E6","TCAP_2025_MANKS"
"381","1803248","U9371-A_C2","TCAP_2025_MANKS"
"382","1477251","U9371-D_D8","TCAP_2025_MANKS"
"383","1721544","U9373-F_C10","TCAP_2025_MANKS"
"384","1477231","U9395-E_C6","TCAP_2025_MANKS"
"385","1720017","U9398-C_A6","TCAP_2025_MANKS"
"386","1477276","U9399-B_C3","TCAP_2025_MANKS"
"387","1803221","U9399-E_E6","TCAP_2025_MANKS"
"388","1477235","U9399-E_E7","TCAP_2025_MANKS"
"389","1477304","U9401-A_E9","TCAP_2025_MANKS"
"390","1704170","U9401-B_B10","TCAP_2025_MANKS"
"391","1704236","U9401-B_E10","TCAP_2025_MANKS"
"392","1477195","U9408-A_C2","TCAP_2025_MANKS"
"393","1477296","U9408-G_B6","TCAP_2025_MANKS"
"394","234572","VISTA","TCAP_2025_MANKS"
"395","233655","W04-417","TCAP_2025_MANKS"
"396","1416191","X111480-1.8.10.10","TCAP_2025_MANKS"
"397","1416232","X111480-1.8.10.5","TCAP_2025_MANKS"
"398","1415973","X111480-1.8.4.3","TCAP_2025_MANKS"
"399","1415951","X111482-1.8.2.1","TCAP_2025_MANKS"
"400","1415958","X111482-1.8.2.2","TCAP_2025_MANKS"
"401","1416228","X111616-1.6.10.3","TCAP_2025_MANKS"
"402","1416040","X111616-1.6.10.4","TCAP_2025_MANKS"
"403","1416227","X111616-1.6.2.1","TCAP_2025_MANKS"
"404","1416128","X111616-1.6.6.3","TCAP_2025_MANKS"
"405","1416105","X111616-1.6.8.3","TCAP_2025_MANKS"
"406","1415954","X111616-1.6.9.8","TCAP_2025_MANKS"
"407","1335998","ZENDA","TCAP_2025_MANKS"
"408","1280127","21PU-0073","25_Big6_SVREC_SVREC"
"409","1279338","21PU-0157","25_Big6_SVREC_SVREC"
"410","1279349","21PU-0280","25_Big6_SVREC_SVREC"
"411","1279869","21PU-0281","25_Big6_SVREC_SVREC"
"412","1279610","21PU-0282","25_Big6_SVREC_SVREC"
"413","1279453","21PU-0467","25_Big6_SVREC_SVREC"
"414","1280113","21PU-0507","25_Big6_SVREC_SVREC"
"415","1474408","22PU-0108","25_Big6_SVREC_SVREC"
"416","1474222","22PU-1031","25_Big6_SVREC_SVREC"
"417","1474285","22PU-1081","25_Big6_SVREC_SVREC"
"418","1474124","22PU-1250","25_Big6_SVREC_SVREC"
"419","1414768","22PU-3029","25_Big6_SVREC_SVREC"
"420","1474258","22PU-3041","25_Big6_SVREC_SVREC"
"421","1474235","22PU-3092","25_Big6_SVREC_SVREC"
"422","1474191","22PU-3170","25_Big6_SVREC_SVREC"
"423","1474272","22PU-3409","25_Big6_SVREC_SVREC"
"424","1474194","22PU-3438","25_Big6_SVREC_SVREC"
"425","1414766","22PU-3470","25_Big6_SVREC_SVREC"
"426","1474203","B722","25_Big6_SVREC_SVREC"
"427","237813","BECK726","25_Big6_SVREC_SVREC"
"428","1692263","DYNA_GRO9422","25_Big6_SVREC_SVREC"
"429","1383005","IL2021-14925","25_Big6_SVREC_SVREC"
"430","1384415","IL2021-15134","25_Big6_SVREC_SVREC"
"431","1383167","IL2021-15254","25_Big6_SVREC_SVREC"
"432","1387027","IL2021-16415","25_Big6_SVREC_SVREC"
"433","1386894","IL2021-18451","25_Big6_SVREC_SVREC"
"434","1382711","IL2021-18457","25_Big6_SVREC_SVREC"
"435","1386858","IL2021-19401","25_Big6_SVREC_SVREC"
"436","1384704","IL2021-22316","25_Big6_SVREC_SVREC"
"437","1385253","IL2021-26834","25_Big6_SVREC_SVREC"
"438","1386752","IL2021-28712","25_Big6_SVREC_SVREC"
"439","1384493","IL2021-28826","25_Big6_SVREC_SVREC"
"440","1386715","IL2021-29425","25_Big6_SVREC_SVREC"
"441","1385742","IL2021-32902","25_Big6_SVREC_SVREC"
"442","1383149","IL2021-36445","25_Big6_SVREC_SVREC"
"443","1386629","IL2021-36639","25_Big6_SVREC_SVREC"
"444","1386996","IL2021-39253","25_Big6_SVREC_SVREC"
"445","1386372","IL2021-42522","25_Big6_SVREC_SVREC"
"446","1383661","IL2021-43877","25_Big6_SVREC_SVREC"
"447","1384055","IL2021-43921","25_Big6_SVREC_SVREC"
"448","1386318","IL2021-46842","25_Big6_SVREC_SVREC"
"449","1284575","KWS317","25_Big6_SVREC_SVREC"
"450","1805668","MCIA White Lightning","25_Big6_SVREC_SVREC"
"451","1335455","MI20R0012","25_Big6_SVREC_SVREC"
"452","1335425","MI20R0210","25_Big6_SVREC_SVREC"
"453","1691970","MI20W0120","25_Big6_SVREC_SVREC"
"454","1435078","MI21R0058","25_Big6_SVREC_SVREC"
"455","1666290","MI22R057","25_Big6_SVREC_SVREC"
"456","1666195","MI22R097","25_Big6_SVREC_SVREC"
"457","1666204","MI22R135","25_Big6_SVREC_SVREC"
"458","1691954","MI23R011","25_Big6_SVREC_SVREC"
"459","1692011","MI23R020","25_Big6_SVREC_SVREC"
"460","1692239","MI23R032","25_Big6_SVREC_SVREC"
"461","1692120","MI23R052","25_Big6_SVREC_SVREC"
"462","1692063","MI23R065","25_Big6_SVREC_SVREC"
"463","1691959","MI23R071","25_Big6_SVREC_SVREC"
"464","1692169","MI23R076","25_Big6_SVREC_SVREC"
"465","1691983","MI23R081","25_Big6_SVREC_SVREC"
"466","1691955","MI23R090","25_Big6_SVREC_SVREC"
"467","1691950","MI23R099","25_Big6_SVREC_SVREC"
"468","1692010","MI23R119","25_Big6_SVREC_SVREC"
"469","1692175","MI23R126","25_Big6_SVREC_SVREC"
"470","1692069","MI23R134","25_Big6_SVREC_SVREC"
"471","1692127","MI23R138","25_Big6_SVREC_SVREC"
"472","1691973","MI23R139","25_Big6_SVREC_SVREC"
"473","1692087","MI23R142","25_Big6_SVREC_SVREC"
"474","1692121","MI23R153","25_Big6_SVREC_SVREC"
"475","1692228","MI23R161","25_Big6_SVREC_SVREC"
"476","1692020","MI23R181","25_Big6_SVREC_SVREC"
"477","1692104","MI23R205","25_Big6_SVREC_SVREC"
"478","1692176","MI23R207","25_Big6_SVREC_SVREC"
"479","1692032","MI23R233","25_Big6_SVREC_SVREC"
"480","1691948","MI23W027","25_Big6_SVREC_SVREC"
"481","1691988","MI23W028","25_Big6_SVREC_SVREC"
"482","1692222","MI23W174","25_Big6_SVREC_SVREC"
"483","1691943","MI23W177","25_Big6_SVREC_SVREC"
"484","1692152","MI23W180","25_Big6_SVREC_SVREC"
"485","1691989","MI23W219","25_Big6_SVREC_SVREC"
"486","1692227","MI23W222","25_Big6_SVREC_SVREC"
"487","1332803","NY12311-1-30-10-1452","25_Big6_SVREC_SVREC"
"488","1332826","NY12325-1-10-12-1476","25_Big6_SVREC_SVREC"
"489","1332797","NY12325-1-10-18-1477","25_Big6_SVREC_SVREC"
"490","1332843","NY12351-1-14-20-1484","25_Big6_SVREC_SVREC"
"491","1284606","NY12397-1-4-13","25_Big6_SVREC_SVREC"
"492","1332813","NY12398-2-16-07-03W-1580","25_Big6_SVREC_SVREC"
"493","1332903","NY12512-1-6-05-1542","25_Big6_SVREC_SVREC"
"494","1332932","NY12512-1-6-17-1544","25_Big6_SVREC_SVREC"
"495","1332840","NY12513-1-16-06-1545","25_Big6_SVREC_SVREC"
"496","1334440","NY15080-01-01-01-1775","25_Big6_SVREC_SVREC"
"497","1334592","NY15083-02-01-09-1786","25_Big6_SVREC_SVREC"
"498","1334443","NY15145-01-01-11-1850","25_Big6_SVREC_SVREC"
"499","1334710","NY15148-01-01-10-1860","25_Big6_SVREC_SVREC"
"500","1334728","NY15150-01-01-05-1868","25_Big6_SVREC_SVREC"
"501","1334425","NY15150-01-01-12-1870","25_Big6_SVREC_SVREC"
"502","1334621","NY15158-01-01-10-1873","25_Big6_SVREC_SVREC"
"503","1334501","NY15158-01-01-11-1874","25_Big6_SVREC_SVREC"
"504","1334553","NY15201-01-01-01-1898","25_Big6_SVREC_SVREC"
"505","1366028","NY16061-01-10-1904","25_Big6_SVREC_SVREC"
"506","920981","OH13-88-61","25_Big6_SVREC_SVREC"
"507","1053859","OH15-191-52","25_Big6_SVREC_SVREC"
"508","1090033","OH18-65-54","25_Big6_SVREC_SVREC"
"509","1344480","OH19*102-76","25_Big6_SVREC_SVREC"
"510","1345775","OH19-167-5","25_Big6_SVREC_SVREC"
"511","1345637","OH20-17-3","25_Big6_SVREC_SVREC"
"512","1345687","OH20-17-42","25_Big6_SVREC_SVREC"
"513","1344764","OH20-98-32","25_Big6_SVREC_SVREC"
"514","1692208","OH21*111-93","25_Big6_SVREC_SVREC"
"515","1692115","OH21-115-96","25_Big6_SVREC_SVREC"
"516","1692243","OH21-117-101","25_Big6_SVREC_SVREC"
"517","1692221","OH21-117-111","25_Big6_SVREC_SVREC"
"518","1692051","OH21*117-94","25_Big6_SVREC_SVREC"
"519","1691967","OH21-2-74","25_Big6_SVREC_SVREC"
"520","1386872","OH21-8-3","25_Big6_SVREC_SVREC"
"521","1692040","OH21-91-64","25_Big6_SVREC_SVREC"
"522","1692159","OH21-92-54","25_Big6_SVREC_SVREC"
"523","1806038","P25R40","25_Big6_SVREC_SVREC"
"524","1472505","P25R64","25_Big6_SVREC_SVREC"
"525","234720","SY100","25_Big6_SVREC_SVREC"
"526","1722973","Towpath","25_Big6_SVREC_SVREC"
"527","1692094","X15-1071-40-17-5-8","25_Big6_SVREC_SVREC"
"528","1692149","X15-1085-56-15-3-2","25_Big6_SVREC_SVREC"
"529","1805862","X15-1085-57-3-5-5","25_Big6_SVREC_SVREC"
"530","1805899","X17-1079-87-13-5-4","25_Big6_SVREC_SVREC"
"531","1692106","X17-1096-113-1-1-6","25_Big6_SVREC_SVREC"
"532","1743639","X17-1162-100-20-1-10","25_Big6_SVREC_SVREC"
"533","1805990","X17-1307-49-17-5-10","25_Big6_SVREC_SVREC"
"534","1805753","X17-1338-120-1-1-5","25_Big6_SVREC_SVREC"
"535","1805951","X17-1340-138-1-1-12","25_Big6_SVREC_SVREC"
"536","1805928","X17-1413-42-2-5-10","25_Big6_SVREC_SVREC"
"537","1805997","X17-1414-102-18-1-1","25_Big6_SVREC_SVREC"
"538","1805792","X17-1414-103-1-1-10","25_Big6_SVREC_SVREC"
"539","1692098","X17-1414-103-1-1-7","25_Big6_SVREC_SVREC"
"540","1805983","X17-1535-28-19-5-5","25_Big6_SVREC_SVREC"
"541","1805819","X17-1558-97-15-1-8","25_Big6_SVREC_SVREC"
"542","1691979","X17-1584-7-17-5-8","25_Big6_SVREC_SVREC"
"543","1692156","X17-1601-103-11-5-1","25_Big6_SVREC_SVREC"
"544","1805731","X17-1625-128-1-3-2","25_Big6_SVREC_SVREC"
"545","1692107","X17-1640-114-17-5-7","25_Big6_SVREC_SVREC"
"546","1692147","X17-1673-29-3-5-1","25_Big6_SVREC_SVREC"
"547","234712","14NORD-01","OHRWW_2025_SPO"
"548","921199","14VDH-HRW02-029","OHRWW_2025_SPO"
"549","1456796","15NORD-39","OHRWW_2025_SPO"
"550","1382816","AC Morley","OHRWW_2025_SPO"
"551","1481330","AGS 3022","OHRWW_2025_SPO"
"552","1456794","ALAUDA","OHRWW_2025_SPO"
"553","1478547","Alenkejava","OHRWW_2025_SPO"
"554","231310","ALICE","OHRWW_2025_SPO"
"555","219744","APPALACHIANWHITE","OHRWW_2025_SPO"
"556","227496","ARAPAHOE","OHRWW_2025_SPO"
"557","224002","ARROW","OHRWW_2025_SPO"
"558","238239","ARS10-028","OHRWW_2025_SPO"
"559","237935","ARS10-389","OHRWW_2025_SPO"
"560","921522","ARS16W1025","OHRWW_2025_SPO"
"561","920536","ARS16W1067","OHRWW_2025_SPO"
"562","1345772","ARS18W0079","OHRWW_2025_SPO"
"563","1712612","ARS18W0618","OHRWW_2025_SPO"
"564","1345401","ARS18W0646","OHRWW_2025_SPO"
"565","1344752","ARS18W0682","OHRWW_2025_SPO"
"566","1344507","ARS18W0700","OHRWW_2025_SPO"
"567","1712607","ARS19W043","OHRWW_2025_SPO"
"568","1481328","ARS19W258","OHRWW_2025_SPO"
"569","1712611","ARS19W522","OHRWW_2025_SPO"
"570","1712610","ARS20W013","OHRWW_2025_SPO"
"571","1679377","ARS20W023","OHRWW_2025_SPO"
"572","1712609","ARS20W053","OHRWW_2025_SPO"
"573","1481329","ARS20W067","OHRWW_2025_SPO"
"574","1712608","ARS20W161","OHRWW_2025_SPO"
"575","1679419","ARS20W176","OHRWW_2025_SPO"
"576","1743826","ARS21W061","OHRWW_2025_SPO"
"577","1743600","ARS21W097","OHRWW_2025_SPO"
"578","1743902","ARS21W134","OHRWW_2025_SPO"
"579","1478524","Atar","OHRWW_2025_SPO"
"580","1481334","BANATKA","OHRWW_2025_SPO"
"581","1478543","Barbet de Farez","OHRWW_2025_SPO"
"582","1478546","Barbu du Macconais","OHRWW_2025_SPO"
"583","1478523","Bearpaw","OHRWW_2025_SPO"
"584","1456797","BLANC_DE_MORVAN","OHRWW_2025_SPO"
"585","1481331","Blanc dla Saone","OHRWW_2025_SPO"
"586","1478532","Blé Allemand","OHRWW_2025_SPO"
"587","1477701","Blé de Redon De sixt Sur Aft","OHRWW_2025_SPO"
"588","1478549","Blé des Vosges","OHRWW_2025_SPO"
"589","1478548","Blé Dla Saone","OHRWW_2025_SPO"
"590","1478530","Blé du Lot","OHRWW_2025_SPO"
"591","1284386","BOBCAT","OHRWW_2025_SPO"
"592","1384947","Brome","OHRWW_2025_SPO"
"593","921410","CAPPELLI","OHRWW_2025_SPO"
"594","1743929","CATAWBA","OHRWW_2025_SPO"
"595","1383608","Champlain","OHRWW_2025_SPO"
"596","920401","CLARKS_CREAM","OHRWW_2025_SPO"
"597","231596","DECADE","OHRWW_2025_SPO"
"598","1458547","DH18HRW-138-56","OHRWW_2025_SPO"
"599","1458114","DH20HRW4130-13","OHRWW_2025_SPO"
"600","1382915","Epoch","OHRWW_2025_SPO"
"601","231687","EVEREST","OHRWW_2025_SPO"
"602","228290","EXPEDITION","OHRWW_2025_SPO"
"603","1284383","FLATHEAD","OHRWW_2025_SPO"
"604","224059","FORWARD","OHRWW_2025_SPO"
"605","921447","FOUROSIX","OHRWW_2025_SPO"
"606","1456011","Fredrick","OHRWW_2025_SPO"
"607","1704331","FREEMAN","OHRWW_2025_SPO"
"608","235651","GENESEE","OHRWW_2025_SPO"
"609","228212","GOODSTREAK","OHRWW_2025_SPO"
"610","1653887","Green Hammer","OHRWW_2025_SPO"
"611","1456795","GUA","OHRWW_2025_SPO"
"612","1477702","Haute Brionnais Mutique","OHRWW_2025_SPO"
"613","230253","HONOR","OHRWW_2025_SPO"
"614","1478545","Huabey","OHRWW_2025_SPO"
"615","234886","IDEAL","OHRWW_2025_SPO"
"616","231906","JUDEE","OHRWW_2025_SPO"
"617","1743535","LA14272C-20-1-1-3-1-1","OHRWW_2025_SPO"
"618","1879030","LA20103-NDH04","OHRWW_2025_SPO"
"619","1478528","Ladoga","OHRWW_2025_SPO"
"620","1478535","Lagoda","OHRWW_2025_SPO"
"621","1879041","LCH22-1348","OHRWW_2025_SPO"
"622","1796580","LCH22-1547","OHRWW_2025_SPO"
"623","1879019","LCH22-1750","OHRWW_2025_SPO"
"624","1879042","LCH22-2327","OHRWW_2025_SPO"
"625","1879018","LCH22-9809","OHRWW_2025_SPO"
"626","229643","LYMAN","OHRWW_2025_SPO"
"627","1478526","Marius","OHRWW_2025_SPO"
"628","1478527","Maxine","OHRWW_2025_SPO"
"629","1879032","MD15TA3-13","OHRWW_2025_SPO"
"630","1879031","MD15TA3-53","OHRWW_2025_SPO"
"631","1879026","MD15TA36-55","OHRWW_2025_SPO"
"632","1743528","MDW-107","OHRWW_2025_SPO"
"633","1478539","Megamix Montpellie Allogame","OHRWW_2025_SPO"
"634","1478534","Megamix Montpellie Autogame","OHRWW_2025_SPO"
"635","1478544","Megamix Moulon Allogame","OHRWW_2025_SPO"
"636","1478531","Megamix Moulon Autogame","OHRWW_2025_SPO"
"637","1259764","Millenium","OHRWW_2025_SPO"
"638","1383992","Montcalm","OHRWW_2025_SPO"
"639","1478540","Mottet Blanc","OHRWW_2025_SPO"
"640","238519","MTS1224","OHRWW_2025_SPO"
"641","1478522","MT WarCat","OHRWW_2025_SPO"
"642","236445","NE06607","OHRWW_2025_SPO"
"643","227974","NI12702W","OHRWW_2025_SPO"
"644","237168","NORTHERN","OHRWW_2025_SPO"
"645","1055461","NUEAST","OHRWW_2025_SPO"
"646","230406","NW13493","OHRWW_2025_SPO"
"647","220884","OAHE","OHRWW_2025_SPO"
"648","1481335","Oulianowska","OHRWW_2025_SPO"
"649","238309","OVERLAND","OHRWW_2025_SPO"
"650","1456027","Ovlianowska","OHRWW_2025_SPO"
"651","1615200","Phoenix 29","OHRWW_2025_SPO"
"652","1743674","PHOENIX96","OHRWW_2025_SPO"
"653","1478550","Pounder","OHRWW_2025_SPO"
"654","1478529","PS_ExtensivMontpellier","OHRWW_2025_SPO"
"655","1478533","Rallet","OHRWW_2025_SPO"
"656","1456792","REDEEMER","OHRWW_2025_SPO"
"657","238948","REDFIELD","OHRWW_2025_SPO"
"658","1259785","RedFife","OHRWW_2025_SPO"
"659","1456793","ROJO_DE_SABANDO","OHRWW_2025_SPO"
"660","1478551","Romanello","OHRWW_2025_SPO"
"661","1478536","Ronso della Langhe","OHRWW_2025_SPO"
"662","1478542","Rosa de Sabedo","OHRWW_2025_SPO"
"663","1478537","Rougdu_Roc/JFB","OHRWW_2025_SPO"
"664","1478552","Rouge de Alsace","OHRWW_2025_SPO"
"665","1478525","Rouge du Roc","OHRWW_2025_SPO"
"666","1478541","Rouge Prolifique","OHRWW_2025_SPO"
"667","237366","RUTH","OHRWW_2025_SPO"
"668","920748","SD15035-2","OHRWW_2025_SPO"
"669","1428244","SD18B016-5","OHRWW_2025_SPO"
"670","1429700","SD18B025-8","OHRWW_2025_SPO"
"671","1428284","SD18B055-2","OHRWW_2025_SPO"
"672","1429532","SD18B072-2","OHRWW_2025_SPO"
"673","1429605","SD19B019-2","OHRWW_2025_SPO"
"674","1429597","SD19B033-2","OHRWW_2025_SPO"
"675","1428220","SD19B108-3","OHRWW_2025_SPO"
"676","1428310","SD19B164-3","OHRWW_2025_SPO"
"677","1428252","SD20B088-2","OHRWW_2025_SPO"
"678","1428351","SD20D100-9","OHRWW_2025_SPO"
"679","1613419","SD ANDES","OHRWW_2025_SPO"
"680","1676819","SD_Midland","OHRWW_2025_SPO"
"681","219435","SHIRLEY","OHRWW_2025_SPO"
"682","1383010","Sirvinta","OHRWW_2025_SPO"
"683","1481332","St. Priest et le Vernois Rouge","OHRWW_2025_SPO"
"684","921704","TAM 114","OHRWW_2025_SPO"
"685","1481333","TUELLE","OHRWW_2025_SPO"
"686","1382901","Turkey Red","OHRWW_2025_SPO"
"687","229879","TX02A0252","OHRWW_2025_SPO"
"688","1615945","UMD-21-MDW107","OHRWW_2025_SPO"
"689","921362","VA14HRW-25","OHRWW_2025_SPO"
"690","921816","VA14HRW-41","OHRWW_2025_SPO"
"691","920275","VA16HRW-22","OHRWW_2025_SPO"
"692","1345064","VA18HRW-57","OHRWW_2025_SPO"
"693","1345566","VA18HRW-58","OHRWW_2025_SPO"
"694","1344136","VA18HRW-96","OHRWW_2025_SPO"
"695","1458451","VA19HRW-17","OHRWW_2025_SPO"
"696","1458376","VA19HRW-26","OHRWW_2025_SPO"
"697","1458651","VA20HRW-10","OHRWW_2025_SPO"
"698","1458815","VA20HRW-38","OHRWW_2025_SPO"
"699","1458538","VA20HRW-39","OHRWW_2025_SPO"
"700","1458474","VA20HRW-50","OHRWW_2025_SPO"
"701","1458540","VA20HRW-70","OHRWW_2025_SPO"
"702","1433318","VA21HRW-12","OHRWW_2025_SPO"
"703","1434616","VA21HRW-20","OHRWW_2025_SPO"
"704","1433591","VA21HRW-34","OHRWW_2025_SPO"
"705","1433528","VA21HRW-99","OHRWW_2025_SPO"
"706","1458740","VA22HRW-132","OHRWW_2025_SPO"
"707","1458669","VA22HRW-142","OHRWW_2025_SPO"
"708","1458466","VA22HRW-2","OHRWW_2025_SPO"
"709","234452","VIKING","OHRWW_2025_SPO"
"710","1345386","VISION45","OHRWW_2025_SPO"
"711","221820","WARHORSE","OHRWW_2025_SPO"
"712","1055775","WARTHOG","OHRWW_2025_SPO"
"713","1456010","WI13OWW-10.05","OHRWW_2025_SPO"
"714","1456022","WI13OWW-1.07","OHRWW_2025_SPO"
"715","1456023","WI13OWW-11.03","OHRWW_2025_SPO"
"716","1456029","WI13OWW-12.02","OHRWW_2025_SPO"
"717","1456017","WI13OWW-12.05","OHRWW_2025_SPO"
"718","1456038","WI13OWW-138.04","OHRWW_2025_SPO"
"719","1456047","WI13OWW-138.05","OHRWW_2025_SPO"
"720","1456026","WI13OWW-138.08","OHRWW_2025_SPO"
"721","1456039","WI13OWW-138.1","OHRWW_2025_SPO"
"722","1456052","WI13OWW-140.02","OHRWW_2025_SPO"
"723","1456013","WI13OWW-140.05","OHRWW_2025_SPO"
"724","1456036","WI13OWW-140.07","OHRWW_2025_SPO"
"725","1456028","WI13OWW-144.01","OHRWW_2025_SPO"
"726","1456037","WI13OWW-145.06","OHRWW_2025_SPO"
"727","1456025","WI13OWW-152.02","OHRWW_2025_SPO"
"728","1456040","WI13OWW-154.03","OHRWW_2025_SPO"
"729","1456034","WI13OWW-154.07","OHRWW_2025_SPO"
"730","1456012","WI13OWW-174.01","OHRWW_2025_SPO"
"731","1456046","WI13OWW-183.05","OHRWW_2025_SPO"
"732","1456053","WI13OWW-199.09","OHRWW_2025_SPO"
"733","1456054","WI13OWW-199.1","OHRWW_2025_SPO"
"734","1456049","WI13OWW-2.02","OHRWW_2025_SPO"
"735","1456051","WI13OWW-202.07","OHRWW_2025_SPO"
"736","1456059","WI13OWW-2.06","OHRWW_2025_SPO"
"737","1456060","WI13OWW-212.08","OHRWW_2025_SPO"
"738","1456016","WI13OWW-224.02","OHRWW_2025_SPO"
"739","1456021","WI13OWW-246.02","OHRWW_2025_SPO"
"740","1456050","WI13OWW-251.01","OHRWW_2025_SPO"
"741","1456048","WI13OWW-260.06","OHRWW_2025_SPO"
"742","1456044","WI13OWW-266.1","OHRWW_2025_SPO"
"743","1456031","WI13OWW-47.04","OHRWW_2025_SPO"
"744","1456009","WI13OWW-49.01","OHRWW_2025_SPO"
"745","1456020","WI13OWW-51.02","OHRWW_2025_SPO"
"746","1456024","WI13OWW-51.06","OHRWW_2025_SPO"
"747","1456045","WI13OWW-51.08","OHRWW_2025_SPO"
"748","1456015","WI13OWW-54.08","OHRWW_2025_SPO"
"749","1456061","WI13OWW-59.05","OHRWW_2025_SPO"
"750","1456019","WI13OWW-7.01","OHRWW_2025_SPO"
"751","1456033","WI13OWW-7.02","OHRWW_2025_SPO"
"752","1456058","WI13OWW-8.06","OHRWW_2025_SPO"
"753","1456055","WI13OWW-9.05","OHRWW_2025_SPO"
"754","1456030","WI13OWW-9.1","OHRWW_2025_SPO"
"755","1284387","WINNER","OHRWW_2025_SPO"
"756","232517","WINTERHAWK","OHRWW_2025_SPO"
"757","231551","YELLOWSTONE","OHRWW_2025_SPO"
"758","234458","YORKSTAR","OHRWW_2025_SPO"
"759","1805398","Erie-602","CornellMaster_2025_McGowan"
"760","219168","MEDINA-264","CornellMaster_2025_McGowan"
"761","1332933","NY12003-1-5-19-1374","CornellMaster_2025_McGowan"
"762","1332914","NY12006-2-1-1-1377","CornellMaster_2025_McGowan"
"763","1332911","NY12007-2-4-13-1381","CornellMaster_2025_McGowan"
"764","1332798","NY12296-1-11-08-1423","CornellMaster_2025_McGowan"
"765","1332880","NY12300-1-6-15-1437","CornellMaster_2025_McGowan"
"766","1332907","NY12302-2-14-01-1441","CornellMaster_2025_McGowan"
"767","1332788","NY12302-2-14-08-1442","CornellMaster_2025_McGowan"
"768","1332881","NY12306-1-3-03-1446","CornellMaster_2025_McGowan"
"769","1332877","NY12344-1-12-21-1480","CornellMaster_2025_McGowan"
"770","1332796","NY12348-3-5-21-1482","CornellMaster_2025_McGowan"
"771","1332843","NY12351-1-14-20-1484","CornellMaster_2025_McGowan"
"772","1332871","NY12353-1-12-18-1485","CornellMaster_2025_McGowan"
"773","1332818","NY12353-1-12-19-1486","CornellMaster_2025_McGowan"
"774","1334616","NY12365-1-21-11-06-1761","CornellMaster_2025_McGowan"
"775","1334581","NY12375-1-21-04-09-1763","CornellMaster_2025_McGowan"
"776","1334543","NY12397-1-4-01-03-1766","CornellMaster_2025_McGowan"
"777","1332910","NY12397-1-4-13-1512","CornellMaster_2025_McGowan"
"778","1334391","NY12428-1-12-01-01-1765","CornellMaster_2025_McGowan"
"779","1334525","NY12468-1-8-04-08-1762","CornellMaster_2025_McGowan"
"780","1332891","NY12508-1-7-06-1534","CornellMaster_2025_McGowan"
"781","1334438","NY12511-1-5-03-06-1760","CornellMaster_2025_McGowan"
"782","1334518","NY15078-01-04-05-1773","CornellMaster_2025_McGowan"
"783","1334440","NY15080-01-01-01-1775","CornellMaster_2025_McGowan"
"784","1334530","NY15080-01-01-06-1778","CornellMaster_2025_McGowan"
"785","1334500","NY15080-01-01-12-1782","CornellMaster_2025_McGowan"
"786","1334618","NY15083-02-01-05-1784","CornellMaster_2025_McGowan"
"787","1334636","NY15083-02-01-07-1785","CornellMaster_2025_McGowan"
"788","1334659","NY15086-01-02-01-1787","CornellMaster_2025_McGowan"
"789","1334383","NY15086-01-02-12-1789","CornellMaster_2025_McGowan"
"790","1334631","NY15088-01-01-04-1790","CornellMaster_2025_McGowan"
"791","1334466","NY15101-01-01-04-1798","CornellMaster_2025_McGowan"
"792","1334330","NY15112-01-01-03-1799","CornellMaster_2025_McGowan"
"793","1334340","NY15115-01-01-06-1803","CornellMaster_2025_McGowan"
"794","1334649","NY15116-01-06-01-1804","CornellMaster_2025_McGowan"
"795","1334624","NY15116-01-06-07-1805","CornellMaster_2025_McGowan"
"796","1334712","NY15119-01-01-12-1809","CornellMaster_2025_McGowan"
"797","1334461","NY15122-01-02-01-1810","CornellMaster_2025_McGowan"
"798","1334580","NY15132-01-01-03-1819","CornellMaster_2025_McGowan"
"799","1334484","NY15134-01-02-05-1826","CornellMaster_2025_McGowan"
"800","1334434","NY15134-01-02-10-1828","CornellMaster_2025_McGowan"
"801","1334600","NY15141-01-02-01-1830","CornellMaster_2025_McGowan"
"802","1334392","NY15141-01-02-03-1831","CornellMaster_2025_McGowan"
"803","1334537","NY15142-01-01-04-1838","CornellMaster_2025_McGowan"
"804","1334688","NY15143-01-01-01-1842","CornellMaster_2025_McGowan"
"805","1334443","NY15145-01-01-11-1850","CornellMaster_2025_McGowan"
"806","1334320","NY15148-01-01-02-1857","CornellMaster_2025_McGowan"
"807","1334728","NY15150-01-01-05-1868","CornellMaster_2025_McGowan"
"808","1334621","NY15158-01-01-10-1873","CornellMaster_2025_McGowan"
"809","1334623","NY15169-01-01-03-1877","CornellMaster_2025_McGowan"
"810","1334393","NY15173-01-01-11-1887","CornellMaster_2025_McGowan"
"811","1334604","NY15175-01-01-04-1890","CornellMaster_2025_McGowan"
"812","1334672","NY15192-01-01-09-1894","CornellMaster_2025_McGowan"
"813","1334509","NY15201-01-01-05-1899","CornellMaster_2025_McGowan"
"814","1334687","NY15302-02-05-05-1676","CornellMaster_2025_McGowan"
"815","1334374","NY15304-01-01-12-1684","CornellMaster_2025_McGowan"
"816","1334614","NY15318-01-03-05-1734","CornellMaster_2025_McGowan"
"817","1334468","NY15323-02-01-02-1744","CornellMaster_2025_McGowan"
"818","1334588","NY15323-02-01-10-1749","CornellMaster_2025_McGowan"
"819","1334520","NY15325-02-06-10-1751","CornellMaster_2025_McGowan"
"820","1334399","NY15325-02-06-11-1752","CornellMaster_2025_McGowan"
"821","1722966","NY16037-01-09","CornellMaster_2025_McGowan"
"822","1722960","NY16048-01-09","CornellMaster_2025_McGowan"
"823","1723021","NY16049-01-13","CornellMaster_2025_McGowan"
"824","1722965","NY16050-01-06","CornellMaster_2025_McGowan"
"825","1722968","NY16053-02-06","CornellMaster_2025_McGowan"
"826","1722964","NY16053-02-10","CornellMaster_2025_McGowan"
"827","1722961","NY16054-01-03","CornellMaster_2025_McGowan"
"828","1365985","NY16058-01-06-1900","CornellMaster_2025_McGowan"
"829","1366010","NY16061-01-04-1903","CornellMaster_2025_McGowan"
"830","1366028","NY16061-01-10-1904","CornellMaster_2025_McGowan"
"831","1366046","NY16062-01-08-1905","CornellMaster_2025_McGowan"
"832","1366025","NY16067-01-08-1908","CornellMaster_2025_McGowan"
"833","1365995","NY16068-01-11-1909","CornellMaster_2025_McGowan"
"834","1365999","NY16070-01-03-1911","CornellMaster_2025_McGowan"
"835","1366009","NY16074-01-04-1912","CornellMaster_2025_McGowan"
"836","1366036","NY16081-01-10-1921","CornellMaster_2025_McGowan"
"837","1366029","NY16083-01-07-1922","CornellMaster_2025_McGowan"
"838","1366033","NY16088-01-04-1927","CornellMaster_2025_McGowan"
"839","1366038","NY16092-01-04-1931","CornellMaster_2025_McGowan"
"840","1366044","NY16094-01-01-1932","CornellMaster_2025_McGowan"
"841","1365988","NY16095-01-05-1935","CornellMaster_2025_McGowan"
"842","1365990","NY16096-01-06-1937","CornellMaster_2025_McGowan"
"843","1366004","NY16098-01-07-1938","CornellMaster_2025_McGowan"
"844","1366027","NY16103-01-03-1939","CornellMaster_2025_McGowan"
"845","1366054","NY16103-01-10-1941","CornellMaster_2025_McGowan"
"846","1366049","NY16105-01-01-1942","CornellMaster_2025_McGowan"
"847","1365997","NY16105-01-08-1943","CornellMaster_2025_McGowan"
"848","1366061","NY16105-01-12-1944","CornellMaster_2025_McGowan"
"849","1366052","NY16106-01-09-1945","CornellMaster_2025_McGowan"
"850","1366048","NY16106-01-11-1946","CornellMaster_2025_McGowan"
"851","1775671","NY18002-1-1","CornellMaster_2025_McGowan"
"852","1775631","NY18002-1-9","CornellMaster_2025_McGowan"
"853","1775691","NY18003-1-5","CornellMaster_2025_McGowan"
"854","1775667","NY18004-3-1","CornellMaster_2025_McGowan"
"855","1775732","NY18004-3-4","CornellMaster_2025_McGowan"
"856","1775711","NY18004-3-6","CornellMaster_2025_McGowan"
"857","1775643","NY18005-1-4","CornellMaster_2025_McGowan"
"858","1775642","NY18006-1-10","CornellMaster_2025_McGowan"
"859","1775652","NY18006-1-12","CornellMaster_2025_McGowan"
"860","1775738","NY18006-1-2","CornellMaster_2025_McGowan"
"861","1775694","NY18006-1-6","CornellMaster_2025_McGowan"
"862","1775719","NY18007-3-1","CornellMaster_2025_McGowan"
"863","1775645","NY18007-3-10","CornellMaster_2025_McGowan"
"864","1775651","NY18007-3-4","CornellMaster_2025_McGowan"
"865","1775654","NY18007-3-5","CornellMaster_2025_McGowan"
"866","1775675","NY18007-3-7","CornellMaster_2025_McGowan"
"867","1775758","NY18007-3-9","CornellMaster_2025_McGowan"
"868","1775734","NY18009-1-2","CornellMaster_2025_McGowan"
"869","1775733","NY18009-1-9","CornellMaster_2025_McGowan"
"870","1775676","NY18011-1-12","CornellMaster_2025_McGowan"
"871","1775726","NY18012-1-10","CornellMaster_2025_McGowan"
"872","1775679","NY18012-1-2","CornellMaster_2025_McGowan"
"873","1775736","NY18012-1-8","CornellMaster_2025_McGowan"
"874","1775629","NY18013-1-3","CornellMaster_2025_McGowan"
"875","1775656","NY18014-2-1","CornellMaster_2025_McGowan"
"876","1775669","NY18015-1-12","CornellMaster_2025_McGowan"
"877","1775737","NY18020-1-8","CornellMaster_2025_McGowan"
"878","1775755","NY18021-3-7","CornellMaster_2025_McGowan"
"879","1775722","NY18022-1-5","CornellMaster_2025_McGowan"
"880","1775746","NY18022-1-6","CornellMaster_2025_McGowan"
"881","1775636","NY18023-1-3","CornellMaster_2025_McGowan"
"882","1775680","NY18024-1-3","CornellMaster_2025_McGowan"
"883","1775692","NY18026-1-4","CornellMaster_2025_McGowan"
"884","1775644","NY18026-1-6","CornellMaster_2025_McGowan"
"885","1775630","NY18026-1-7","CornellMaster_2025_McGowan"
"886","1775753","NY18028-1-7","CornellMaster_2025_McGowan"
"887","1775635","NY18029-1-7","CornellMaster_2025_McGowan"
"888","1775677","NY18030-1-3","CornellMaster_2025_McGowan"
"889","1775703","NY18031-1-5","CornellMaster_2025_McGowan"
"890","1775735","NY18034-1-8","CornellMaster_2025_McGowan"
"891","1775725","NY18035-1-10","CornellMaster_2025_McGowan"
"892","1775728","NY18035-1-5","CornellMaster_2025_McGowan"
"893","1775731","NY18036-1-5","CornellMaster_2025_McGowan"
"894","1775698","NY18039-1-12","CornellMaster_2025_McGowan"
"895","1775696","NY18042-1-3","CornellMaster_2025_McGowan"
"896","1775670","NY18043-1-6","CornellMaster_2025_McGowan"
"897","1775665","NY18045-1-3","CornellMaster_2025_McGowan"
"898","1775657","NY18047-1-1","CornellMaster_2025_McGowan"
"899","1775744","NY18049-1-1","CornellMaster_2025_McGowan"
"900","1775681","NY18050-1-1","CornellMaster_2025_McGowan"
"901","1775660","NY18050-1-2","CornellMaster_2025_McGowan"
"902","1775700","NY18050-1-6","CornellMaster_2025_McGowan"
"903","1775708","NY18050-1-8","CornellMaster_2025_McGowan"
"904","1775661","NY18050-1-9","CornellMaster_2025_McGowan"
"905","1775641","NY18055-1-12","CornellMaster_2025_McGowan"
"906","1775664","NY18055-1-6","CornellMaster_2025_McGowan"
"907","1775673","NY18055-1-8","CornellMaster_2025_McGowan"
"908","1775649","NY18058-2-12","CornellMaster_2025_McGowan"
"909","1775760","NY18064-1-10","CornellMaster_2025_McGowan"
"910","1775697","NY18064-1-7","CornellMaster_2025_McGowan"
"911","1775715","NY18066-2-1","CornellMaster_2025_McGowan"
"912","1775752","NY18066-2-11","CornellMaster_2025_McGowan"
"913","1775672","NY18066-2-7","CornellMaster_2025_McGowan"
"914","1775705","NY18067-1-1","CornellMaster_2025_McGowan"
"915","1775647","NY18067-1-12","CornellMaster_2025_McGowan"
"916","1775740","NY18067-1-2","CornellMaster_2025_McGowan"
"917","1775640","NY18067-1-4","CornellMaster_2025_McGowan"
"918","1775638","NY18071-1-2","CornellMaster_2025_McGowan"
"919","1775712","NY18072-1-1","CornellMaster_2025_McGowan"
"920","1775648","NY18072-1-5","CornellMaster_2025_McGowan"
"921","1775668","NY18072-1-6","CornellMaster_2025_McGowan"
"922","1775759","NY18072-1-9","CornellMaster_2025_McGowan"
"923","1775748","NY18079-1-4","CornellMaster_2025_McGowan"
"924","1775751","NY18081-1-3","CornellMaster_2025_McGowan"
"925","1775701","NY18081-1-6","CornellMaster_2025_McGowan"
"926","1775650","NY18081-1-9","CornellMaster_2025_McGowan"
"927","1775659","NY18083-1-1","CornellMaster_2025_McGowan"
"928","1775721","NY18083-1-3","CornellMaster_2025_McGowan"
"929","1775633","NY18084-1-2","CornellMaster_2025_McGowan"
"930","1775747","NY18084-1-4","CornellMaster_2025_McGowan"
"931","1775742","NY18084-1-5","CornellMaster_2025_McGowan"
"932","1775639","NY18086-1-11","CornellMaster_2025_McGowan"
"933","1775730","NY18086-1-6","CornellMaster_2025_McGowan"
"934","1775723","NY18089-1-6","CornellMaster_2025_McGowan"
"935","1775720","NY18089-1-7","CornellMaster_2025_McGowan"
"936","1775727","NY18091-1-1","CornellMaster_2025_McGowan"
"937","1775666","NY18091-1-7","CornellMaster_2025_McGowan"
"938","1775710","NY18095-1-1","CornellMaster_2025_McGowan"
"939","1775637","NY18095-1-10","CornellMaster_2025_McGowan"
"940","1775689","NY18095-1-6","CornellMaster_2025_McGowan"
"941","1775688","NY18095-1-7","CornellMaster_2025_McGowan"
"942","1775757","NY18097-1-4","CornellMaster_2025_McGowan"
"943","1775702","NY18097-1-6","CornellMaster_2025_McGowan"
"944","1332787","NYDD1511-13R-1612","CornellMaster_2025_McGowan"
"945","1723030","NYx12.15-02","CornellMaster_2025_McGowan"
"946","1722984","NYx12.15-07","CornellMaster_2025_McGowan"
"947","1723005","NYx13.10-01","CornellMaster_2025_McGowan"
"948","1723032","NYx20.03-03","CornellMaster_2025_McGowan"
"949","1723033","NYx20.08-09","CornellMaster_2025_McGowan"
"950","1722991","NYx21.10-06","CornellMaster_2025_McGowan"
"951","1723009","NYx21.13-04","CornellMaster_2025_McGowan"
"952","1723028","NYx5.01-02","CornellMaster_2025_McGowan"
"953","1723008","NYx5.01-03","CornellMaster_2025_McGowan"
"954","1723000","NYx5.01-06","CornellMaster_2025_McGowan"
"955","1723016","NYx5.02-03","CornellMaster_2025_McGowan"
"956","1723040","NYx5.15-03","CornellMaster_2025_McGowan"
"957","1722990","NYx5.15-04","CornellMaster_2025_McGowan"
"958","1723038","NYx5.15-07","CornellMaster_2025_McGowan"
"959","1723019","NYx5.16-03","CornellMaster_2025_McGowan"
"960","1723041","NYx6.06-05","CornellMaster_2025_McGowan"
"961","1722985","NYx7.05-02","CornellMaster_2025_McGowan"
"962","1723029","NYx7.05-03","CornellMaster_2025_McGowan"
"963","1722983","NYx7.05-04","CornellMaster_2025_McGowan"
"964","1723039","NYx7.05-06","CornellMaster_2025_McGowan"
"965","1722999","NYx8.14-02","CornellMaster_2025_McGowan"
"966","1722976","NYx84.04-01","CornellMaster_2025_McGowan"
"967","1723010","NYx84.04-03","CornellMaster_2025_McGowan"
"968","1723002","NYx84.04-06","CornellMaster_2025_McGowan"
"969","1723036","NYx84.04-07","CornellMaster_2025_McGowan"
"970","1723004","NYx84.04-08","CornellMaster_2025_McGowan"
"971","1723003","NYx9.03-01","CornellMaster_2025_McGowan"
"972","1722979","NYx9.03-02","CornellMaster_2025_McGowan"
"973","1723031","NYx9.03-03","CornellMaster_2025_McGowan"
"974","1722978","NYx9.03-04","CornellMaster_2025_McGowan"
"975","1722989","NYx92.03-02","CornellMaster_2025_McGowan"
"976","1723035","NYx92.03-04","CornellMaster_2025_McGowan"
"977","1722981","NYx92.04-02","CornellMaster_2025_McGowan"
"978","1723027","NYx92.08-07","CornellMaster_2025_McGowan"
"979","1722971","Pioneer 25W36-288","CornellMaster_2025_McGowan"
"980","1366007","SW65SR","CornellMaster_2025_McGowan"
"981","1722973","Towpath","CornellMaster_2025_McGowan"
"982","1887633","MN20345","24Crk_AY2-3"
"983","1887696","MN20358","24Crk_AY2-3"
"984","1887692","MN20359","24Crk_AY2-3"
"985","1887620","MN20360","24Crk_AY2-3"
"986","1671602","MN21211","24Crk_AY2-3"
"987","1887670","MN22006-2","24Crk_AY2-3"
"988","1887693","MN22025-2","24Crk_AY2-3"
"989","1887694","MN22061-1","24Crk_AY2-3"
"990","1887676","MN22064-1","24Crk_AY2-3"
"991","1887725","MN22071-4","24Crk_AY2-3"
"992","1887700","MN22089-1","24Crk_AY2-3"
"993","1887675","MN22093W-2","24Crk_AY2-3"
"994","1887614","MN22097-2","24Crk_AY2-3"
"995","1887665","MN22120-4","24Crk_AY2-3"
"996","1887616","MN22123-4","24Crk_AY2-3"
"997","1887604","MN22131-3","24Crk_AY2-3"
"998","1887678","MN22136-4","24Crk_AY2-3"
"999","1887683","MN22154-1","24Crk_AY2-3"
"1000","1887702","MN22157-4","24Crk_AY2-3"
"1001","1887663","MN22160-1","24Crk_AY2-3"
"1002","1887681","MN22167-1","24Crk_AY2-3"
"1003","1887707","MN22193-1","24Crk_AY2-3"
"1004","1887606","MN22194-2","24Crk_AY2-3"
"1005","1887637","MN22199-2","24Crk_AY2-3"
"1006","1887686","MN22218-2","24Crk_AY2-3"
"1007","1887629","MN22227-1","24Crk_AY2-3"
"1008","1887647","MN22229-1","24Crk_AY2-3"
"1009","1887649","MN22262-4","24Crk_AY2-3"
"1010","1887600","MN22263-2","24Crk_AY2-3"
"1011","1887726","MN22288-4","24Crk_AY2-3"
"1012","1887684","MN22297-1","24Crk_AY2-3"
"1013","1887706","MN22306-4","24Crk_AY2-3"
"1014","1887593","MN22314-2","24Crk_AY2-3"
"1015","1887679","MN22322-2","24Crk_AY2-3"
"1016","1887617","MN22329-3","24Crk_AY2-3"
"1017","1887708","MN22341-1","24Crk_AY2-3"
"1018","1887682","MN22342-2","24Crk_AY2-3"
"1019","1887595","MN22350-2","24Crk_AY2-3"
"1020","1887657","MN22355-1","24Crk_AY2-3"
"1021","1887690","MN22356-2","24Crk_AY2-3"
"1022","1887666","MN22358-3","24Crk_AY2-3"
"1023","1887624","MN22378-1","24Crk_AY2-3"
"1024","1887632","MN22384-4","24Crk_AY2-3"
"1025","1887608","MN22393-4","24Crk_AY2-3"
"1026","1887599","MN22400-1","24Crk_AY2-3"
"1027","1887672","MN22405-4","24Crk_AY2-3"
"1028","1887685","MN22406-1","24Crk_AY2-3"
"1029","1887594","MN22429-2","24Crk_AY2-3"
"1030","1887652","MN22452-2","24Crk_AY2-3"
"1031","1887689","MN23005","24Crk_AY2-3"
"1032","1887699","MN23006","24Crk_AY2-3"
"1033","1887728","MN23008","24Crk_AY2-3"
"1034","1887723","MN23009","24Crk_AY2-3"
"1035","1887698","MN23015","24Crk_AY2-3"
"1036","1887610","MN23020","24Crk_AY2-3"
"1037","1887669","MN23026","24Crk_AY2-3"
"1038","1887717","MN23029","24Crk_AY2-3"
"1039","1887611","MN23031","24Crk_AY2-3"
"1040","2203980","MN23039","24Crk_AY2-3"
"1041","2203990","MN23044","24Crk_AY2-3"
"1042","2204004","MN23047","24Crk_AY2-3"
"1043","1887705","MN23048","24Crk_AY2-3"
"1044","1887719","MN23049","24Crk_AY2-3"
"1045","2203989","MN23061","24Crk_AY2-3"
"1046","1887631","MN23063","24Crk_AY2-3"
"1047","1887601","MN23067","24Crk_AY2-3"
"1048","2203979","MN23070","24Crk_AY2-3"
"1049","1887662","MN23077","24Crk_AY2-3"
"1050","1887605","MN23083","24Crk_AY2-3"
"1051","1887621","MN23084","24Crk_AY2-3"
"1052","1887645","MN23087","24Crk_AY2-3"
"1053","1887733","MN23090","24Crk_AY2-3"
"1054","1887661","MN23094","24Crk_AY2-3"
"1055","1887641","MN23096","24Crk_AY2-3"
"1056","1887602","MN23097","24Crk_AY2-3"
"1057","2203984","MN23101","24Crk_AY2-3"
"1058","1887627","MN23102","24Crk_AY2-3"
"1059","1887709","MN23103","24Crk_AY2-3"
"1060","1887714","MN23106","24Crk_AY2-3"
"1061","1887680","MN23107","24Crk_AY2-3"
"1062","1887653","MN23110","24Crk_AY2-3"
"1063","1887713","MN23111","24Crk_AY2-3"
"1064","1887674","MN23117","24Crk_AY2-3"
"1065","2203986","MN23118","24Crk_AY2-3"
"1066","2204008","MN23121","24Crk_AY2-3"
"1067","2204007","MN23123","24Crk_AY2-3"
"1068","1887704","MN23124","24Crk_AY2-3"
"1069","1887732","MN23125","24Crk_AY2-3"
"1070","1887688","MN23127","24Crk_AY2-3"
"1071","1887731","MN23130","24Crk_AY2-3"
"1072","1887703","MN23132","24Crk_AY2-3"
"1073","1887636","MN23136","24Crk_AY2-3"
"1074","1887603","MN23138","24Crk_AY2-3"
"1075","1887630","MN23140","24Crk_AY2-3"
"1076","1887721","MN23143","24Crk_AY2-3"
"1077","2204003","MN23146","24Crk_AY2-3"
"1078","1887710","MN23152","24Crk_AY2-3"
"1079","1887628","MN23153","24Crk_AY2-3"
"1080","2204006","MN23159","24Crk_AY2-3"
"1081","1887619","MN23165","24Crk_AY2-3"
"1082","2203995","MN23167","24Crk_AY2-3"
"1083","1887651","MN23168","24Crk_AY2-3"
"1084","1887656","MN23169","24Crk_AY2-3"
"1085","2203987","MN23171","24Crk_AY2-3"
"1086","1887642","MN23176","24Crk_AY2-3"
"1087","1887718","MN23180","24Crk_AY2-3"
"1088","2203975","MN23182","24Crk_AY2-3"
"1089","1887660","MN23183","24Crk_AY2-3"
"1090","1887646","MN23184","24Crk_AY2-3"
"1091","1887655","MN23186","24Crk_AY2-3"
"1092","1887618","MN23187","24Crk_AY2-3"
"1093","1887625","MN23188","24Crk_AY2-3"
"1094","2204005","MN23192","24Crk_AY2-3"
"1095","1887623","MN23193","24Crk_AY2-3"
"1096","1887664","MN23197","24Crk_AY2-3"
"1097","1887650","MN23199","24Crk_AY2-3"
"1098","2203981","MN23200","24Crk_AY2-3"
"1099","1887712","MN23201","24Crk_AY2-3"
"1100","1887724","MN23204","24Crk_AY2-3"
"1101","1887711","MN23205","24Crk_AY2-3"
"1102","2203977","MN23212","24Crk_AY2-3"
"1103","1887715","MN23216","24Crk_AY2-3"
"1104","1887668","MN23219","24Crk_AY2-3"
"1105","1887635","MN23220","24Crk_AY2-3"
"1106","1887722","MN23221","24Crk_AY2-3"
"1107","1887716","MN23224","24Crk_AY2-3"
"1108","2203999","MN23230","24Crk_AY2-3"
"1109","1887634","MN23231","24Crk_AY2-3"
"1110","2203983","MN23233","24Crk_AY2-3"
"1111","1887654","MN23234","24Crk_AY2-3"
"1112","1887597","MN23237","24Crk_AY2-3"
"1113","1887720","MN23241","24Crk_AY2-3"
"1114","1887729","MN23243","24Crk_AY2-3"
"1115","1887695","MN23247","24Crk_AY2-3"
"1116","1887687","MN23249","24Crk_AY2-3"
"1117","1887730","MN23250","24Crk_AY2-3"
"1118","1887701","MN23252","24Crk_AY2-3"
"1119","2203978","MN23255","24Crk_AY2-3"
"1120","1887638","MN23256","24Crk_AY2-3"
"1121","1887598","MN23259","24Crk_AY2-3"
"1122","2203985","MN23263","24Crk_AY2-3"
"1123","1887658","MN23267","24Crk_AY2-3"
"1124","1887640","MN23271","24Crk_AY2-3"
"1125","1887639","MN23275","24Crk_AY2-3"
"1126","2204002","MN23280","24Crk_AY2-3"
"1127","1887727","MN23282","24Crk_AY2-3"
"1128","1887648","MN23283","24Crk_AY2-3"
"1129","1887659","MN23285","24Crk_AY2-3"
"1130","2203997","MN23286","24Crk_AY2-3"
"1131","1887615","MN23288","24Crk_AY2-3"
"1132","1887609","MN23293","24Crk_AY2-3"
"1133","2203998","MN23300","24Crk_AY2-3"
"1134","2204000","MN23302","24Crk_AY2-3"
"1135","1887607","MN23304","24Crk_AY2-3"
"1136","2203976","MN23307","24Crk_AY2-3"
"1137","2203993","MN23308","24Crk_AY2-3"
"1138","1887673","MN23312","24Crk_AY2-3"
"1139","2203991","MN23315","24Crk_AY2-3"
"1140","1887643","MN23318","24Crk_AY2-3"
"1141","1887612","MN23325","24Crk_AY2-3"
"1142","2204001","MN23327","24Crk_AY2-3"
"1143","1887691","MN23334","24Crk_AY2-3"
"1144","2203992","MN23336","24Crk_AY2-3"
"1145","2203994","MN23337","24Crk_AY2-3"
"1146","2203996","MN23344","24Crk_AY2-3"
"1147","2203988","MN23349","24Crk_AY2-3"
"1148","1887622","MN23350","24Crk_AY2-3"
"1149","1887667","MN23351","24Crk_AY2-3"
"1150","1887596","MN23352","24Crk_AY2-3"
"1151","1887671","MN23355","24Crk_AY2-3"
"1152","1887677","MN23356","24Crk_AY2-3"
"1153","2203982","MN23360","24Crk_AY2-3"
"1154","1887626","MNha20006","24Crk_AY2-3"
"1155","1887644","MNha20010","24Crk_AY2-3"
"1156","1887697","MNha20019","24Crk_AY2-3"
"1157","1887613","MNha20022","24Crk_AY2-3"
"1158","1671559","MN-Rothsay","24Crk_AY2-3"
"1159","1887751","MN-Rothsay 1.7","24Crk_AY2-3"
"1160","1671480","MN-Torgy","24Crk_AY2-3"
"1161","1887752","MN-Torgy 0.9","24Crk_AY2-3"
"1162","1050956","SHELLY","24Crk_AY2-3"
"1163","1679918","UMN09","24Crk_AY2-3"
"1164","228290","EXPEDITION","2025_AYT_Aurora"
"1165","234886","IDEAL","2025_AYT_Aurora"
"1166","238309","OVERLAND","2025_AYT_Aurora"
"1167","1428248","SD20B044-4","2025_AYT_Aurora"
"1168","1739465","SD22B020-1","2025_AYT_Aurora"
"1169","1739418","SD22B113-5","2025_AYT_Aurora"
"1170","1739474","SD22D121-4","2025_AYT_Aurora"
"1171","1739524","SD22D144-4","2025_AYT_Aurora"
"1172","1739517","SD22D178-6","2025_AYT_Aurora"
"1173","1897413","SD23B101-12","2025_AYT_Aurora"
"1174","1897347","SD23B101-2","2025_AYT_Aurora"
"1175","1897394","SD23B101-8","2025_AYT_Aurora"
"1176","1897415","SD23B103-3","2025_AYT_Aurora"
"1177","1897433","SD23B104-5","2025_AYT_Aurora"
"1178","1897389","SD23B106-2","2025_AYT_Aurora"
"1179","1897409","SD23B107-5","2025_AYT_Aurora"
"1180","1897427","SD23B111-3","2025_AYT_Aurora"
"1181","1897334","SD23B115-5","2025_AYT_Aurora"
"1182","1897365","SD23B123-16","2025_AYT_Aurora"
"1183","1897411","SD23B123-4","2025_AYT_Aurora"
"1184","1897333","SD23B125-2","2025_AYT_Aurora"
"1185","1897419","SD23B127-4","2025_AYT_Aurora"
"1186","1897405","SD23B131-6","2025_AYT_Aurora"
"1187","1897434","SD23B132-4","2025_AYT_Aurora"
"1188","1897423","SD23B134-1","2025_AYT_Aurora"
"1189","1897383","SD23B137-3","2025_AYT_Aurora"
"1190","1897390","SD23B138-5","2025_AYT_Aurora"
"1191","1897437","SD23B139-1","2025_AYT_Aurora"
"1192","1897357","SD23B139-4","2025_AYT_Aurora"
"1193","1897388","SD23B139-5","2025_AYT_Aurora"
"1194","1897345","SD23B140-10","2025_AYT_Aurora"
"1195","1897336","SD23B140-11","2025_AYT_Aurora"
"1196","1897353","SD23B140-12","2025_AYT_Aurora"
"1197","1897420","SD23B140-3","2025_AYT_Aurora"
"1198","1897341","SD23B141-4","2025_AYT_Aurora"
"1199","1897442","SD23B142-1","2025_AYT_Aurora"
"1200","1897375","SD23B142-4","2025_AYT_Aurora"
"1201","1897344","SD23B145-3","2025_AYT_Aurora"
"1202","1897374","SD23B154-8","2025_AYT_Aurora"
"1203","1897431","SD23B154-9","2025_AYT_Aurora"
"1204","1897340","SD23B159-6","2025_AYT_Aurora"
"1205","1897348","SD23B161-4","2025_AYT_Aurora"
"1206","1897354","SD23B166-3","2025_AYT_Aurora"
"1207","1897439","SD23B166-7","2025_AYT_Aurora"
"1208","1897380","SD23B179-1","2025_AYT_Aurora"
"1209","1897416","SD23B180-3","2025_AYT_Aurora"
"1210","1897429","SD23B191-2","2025_AYT_Aurora"
"1211","1897418","SD23B193-4","2025_AYT_Aurora"
"1212","1897410","SD23C008-1","2025_AYT_Aurora"
"1213","1897359","SD23C017-1","2025_AYT_Aurora"
"1214","1897396","SD23C020-1","2025_AYT_Aurora"
"1215","1897332","SD23C027-5","2025_AYT_Aurora"
"1216","1897407","SD23D011-2","2025_AYT_Aurora"
"1217","1897372","SD23D011-6","2025_AYT_Aurora"
"1218","1897444","SD23D037-2","2025_AYT_Aurora"
"1219","1897425","SD23D039-3","2025_AYT_Aurora"
"1220","1897432","SD23D041-5","2025_AYT_Aurora"
"1221","1897367","SD23D044-1","2025_AYT_Aurora"
"1222","1897338","SD23D050-3","2025_AYT_Aurora"
"1223","1897401","SD23D053-1","2025_AYT_Aurora"
"1224","1897443","SD23D054-2","2025_AYT_Aurora"
"1225","1897404","SD23D057-2","2025_AYT_Aurora"
"1226","1897421","SD23D058-2","2025_AYT_Aurora"
"1227","1897402","SD23D059-1","2025_AYT_Aurora"
"1228","1897395","SD23D061-1","2025_AYT_Aurora"
"1229","1897385","SD23D064-7","2025_AYT_Aurora"
"1230","1897370","SD23SB005-7","2025_AYT_Aurora"
"1231","1897408","SD23SB006-14","2025_AYT_Aurora"
"1232","1897393","SD23SB007-17","2025_AYT_Aurora"
"1233","1897342","SD23SB007-2","2025_AYT_Aurora"
"1234","1897436","SD23SB007-7","2025_AYT_Aurora"
"1235","1897363","SD23SB011-14","2025_AYT_Aurora"
"1236","1897384","SD23SB013-14","2025_AYT_Aurora"
"1237","1897424","SD23SB014-17","2025_AYT_Aurora"
"1238","1897422","SD23SB015-11","2025_AYT_Aurora"
"1239","1897368","SD23SB015-17","2025_AYT_Aurora"
"1240","1897373","SD23SB017-1","2025_AYT_Aurora"
"1241","1897435","SD23SB017-15","2025_AYT_Aurora"
"1242","1897346","SD23SB017-8","2025_AYT_Aurora"
"1243","1897350","SD23SB018-7","2025_AYT_Aurora"
"1244","1897391","SD23SB019-9","2025_AYT_Aurora"
"1245","1897358","SD23SB025-9","2025_AYT_Aurora"
"1246","1897400","SD23SB026-15","2025_AYT_Aurora"
"1247","1897438","SD23SB026-7","2025_AYT_Aurora"
"1248","1897361","SD23SB027-10","2025_AYT_Aurora"
"1249","1897362","SD23SB027-4","2025_AYT_Aurora"
"1250","1897356","SD23SB028-6","2025_AYT_Aurora"
"1251","1897406","SD23SB035-15","2025_AYT_Aurora"
"1252","1897379","SD23SB038-12","2025_AYT_Aurora"
"1253","1897403","SD23SB038-15","2025_AYT_Aurora"
"1254","1897397","SD23SB038-6","2025_AYT_Aurora"
"1255","1897352","SD23SB039-14","2025_AYT_Aurora"
"1256","1897349","SD23SB039-15","2025_AYT_Aurora"
"1257","1897428","SD23SB040-12","2025_AYT_Aurora"
"1258","1897339","SD23SB041-16","2025_AYT_Aurora"
"1259","1897377","SD23SB041-4","2025_AYT_Aurora"
"1260","1897392","SD23SB042-10","2025_AYT_Aurora"
"1261","1897440","SD23SB042-16","2025_AYT_Aurora"
"1262","1897382","SD23SB045-10","2025_AYT_Aurora"
"1263","1897387","SD23SB045-14","2025_AYT_Aurora"
"1264","1897398","SD23SB045-5","2025_AYT_Aurora"
"1265","1897369","SD23SB046-9","2025_AYT_Aurora"
"1266","1897366","SD23SB050-18","2025_AYT_Aurora"
"1267","1897355","SD23SB052-3","2025_AYT_Aurora"
"1268","1897412","SD23SB053-16","2025_AYT_Aurora"
"1269","1796567","SD23SB053-24","2025_AYT_Aurora"
"1270","1897351","SD23SB053-28","2025_AYT_Aurora"
"1271","1897426","SD23SB053-4","2025_AYT_Aurora"
"1272","1897378","SD23SB056-14","2025_AYT_Aurora"
"1273","1796452","SD23SB056-20","2025_AYT_Aurora"
"1274","1897399","SD23SB059-22","2025_AYT_Aurora"
"1275","1897430","SD23SB060-11","2025_AYT_Aurora"
"1276","1897360","SD23SB061-11","2025_AYT_Aurora"
"1277","1897364","SD23SB067-24","2025_AYT_Aurora"
"1278","1897371","SD23SB069-13","2025_AYT_Aurora"
"1279","1897376","SD23SB069-3","2025_AYT_Aurora"
"1280","1897386","SD23SB072-1","2025_AYT_Aurora"
"1281","1897414","SD23SB072-2","2025_AYT_Aurora"
"1282","1897441","SD23SB072-20","2025_AYT_Aurora"
"1283","1897343","SD23SB072-3","2025_AYT_Aurora"
"1284","1897417","SD23SB072-8","2025_AYT_Aurora"
"1285","1897337","SD23SB073-28","2025_AYT_Aurora"
"1286","1897335","SD23SB075-12","2025_AYT_Aurora"
"1287","1613419","SD ANDES","2025_AYT_Aurora"
"1288","1739427","SYWOLRINE","2025_AYT_Aurora"
"1289","1284387","WINNER","2025_AYT_Aurora"
"1290","1383157","AgriMAXX503","YT_Urb_25"
"1291","220541","IL07-19334","YT_Urb_25"
"1292","227860","IL12-26004","YT_Urb_25"
"1293","1055682","IL16-8048","YT_Urb_25"
"1294","1383005","IL2021-14925","YT_Urb_25"
"1295","1384415","IL2021-15134","YT_Urb_25"
"1296","1383167","IL2021-15254","YT_Urb_25"
"1297","1387027","IL2021-16415","YT_Urb_25"
"1298","1387093","IL2021-17813","YT_Urb_25"
"1299","1382850","IL2021-17841","YT_Urb_25"
"1300","1382495","IL2021-17857","YT_Urb_25"
"1301","1386377","IL2021-17859","YT_Urb_25"
"1302","1386894","IL2021-18451","YT_Urb_25"
"1303","1382711","IL2021-18457","YT_Urb_25"
"1304","1386858","IL2021-19401","YT_Urb_25"
"1305","1384704","IL2021-22316","YT_Urb_25"
"1306","1385253","IL2021-26834","YT_Urb_25"
"1307","1386752","IL2021-28712","YT_Urb_25"
"1308","1384493","IL2021-28826","YT_Urb_25"
"1309","1386715","IL2021-29425","YT_Urb_25"
"1310","1385742","IL2021-32902","YT_Urb_25"
"1311","1383149","IL2021-36445","YT_Urb_25"
"1312","1386629","IL2021-36639","YT_Urb_25"
"1313","1386996","IL2021-39253","YT_Urb_25"
"1314","1382525","IL2021-41721","YT_Urb_25"
"1315","1386372","IL2021-42522","YT_Urb_25"
"1316","1383661","IL2021-43877","YT_Urb_25"
"1317","1384055","IL2021-43921","YT_Urb_25"
"1318","1386318","IL2021-46842","YT_Urb_25"
"1319","1616457","IL2022-10176","YT_Urb_25"
"1320","1615426","IL2022-10260","YT_Urb_25"
"1321","1615976","IL2022-10460","YT_Urb_25"
"1322","1616242","IL2022-10744","YT_Urb_25"
"1323","1615221","IL2022-10817","YT_Urb_25"
"1324","1616269","IL2022-11220","YT_Urb_25"
"1325","1616325","IL2022-11508","YT_Urb_25"
"1326","1615513","IL2022-11724","YT_Urb_25"
"1327","1615555","IL2022-12028","YT_Urb_25"
"1328","1616475","IL2022-12047","YT_Urb_25"
"1329","1615078","IL2022-12349","YT_Urb_25"
"1330","1616574","IL2022-12353","YT_Urb_25"
"1331","1616614","IL2022-12364","YT_Urb_25"
"1332","1615334","IL2022-12713","YT_Urb_25"
"1333","1616703","IL2022-1464","YT_Urb_25"
"1334","1616358","IL2022-15630","YT_Urb_25"
"1335","1615368","IL2022-1570","YT_Urb_25"
"1336","1615061","IL2022-15717","YT_Urb_25"
"1337","1615542","IL2022-15776","YT_Urb_25"
"1338","1615968","IL2022-15777","YT_Urb_25"
"1339","1615714","IL2022-15802","YT_Urb_25"
"1340","1615497","IL2022-16171","YT_Urb_25"
"1341","1615391","IL2022-17009","YT_Urb_25"
"1342","1615750","IL2022-17039","YT_Urb_25"
"1343","1616567","IL2022-17152","YT_Urb_25"
"1344","1615649","IL2022-17228","YT_Urb_25"
"1345","1615032","IL2022-17244","YT_Urb_25"
"1346","1616192","IL2022-17322","YT_Urb_25"
"1347","1615395","IL2022-17346","YT_Urb_25"
"1348","1615538","IL2022-17507","YT_Urb_25"
"1349","1615977","IL2022-18037","YT_Urb_25"
"1350","1616720","IL2022-18049","YT_Urb_25"
"1351","1616244","IL2022-18139","YT_Urb_25"
"1352","1615933","IL2022-18345","YT_Urb_25"
"1353","1615230","IL2022-21310","YT_Urb_25"
"1354","1616842","IL2022-21633","YT_Urb_25"
"1355","1615936","IL2022-21643","YT_Urb_25"
"1356","1615716","IL2022-2254","YT_Urb_25"
"1357","1615108","IL2022-22930","YT_Urb_25"
"1358","1615744","IL2022-23037","YT_Urb_25"
"1359","1615821","IL2022-2324","YT_Urb_25"
"1360","1615792","IL2022-2937","YT_Urb_25"
"1361","1616258","IL2022-3262","YT_Urb_25"
"1362","1616197","IL2022-4524","YT_Urb_25"
"1363","1615712","IL2022-4730","YT_Urb_25"
"1364","1615473","IL2022-5305","YT_Urb_25"
"1365","1616514","IL2022-5308","YT_Urb_25"
"1366","1615664","IL2022-5529","YT_Urb_25"
"1367","1616628","IL2022-5545","YT_Urb_25"
"1368","1616372","IL2022-5571","YT_Urb_25"
"1369","1616513","IL2022-5610","YT_Urb_25"
"1370","1615946","IL2022-5765","YT_Urb_25"
"1371","1616138","IL2022-5834","YT_Urb_25"
"1372","1615815","IL2022-5841","YT_Urb_25"
"1373","1616378","IL2022-5944","YT_Urb_25"
"1374","1615617","IL2022-6330","YT_Urb_25"
"1375","1615547","IL2022-7060","YT_Urb_25"
"1376","1615929","IL2022-7104","YT_Urb_25"
"1377","1616336","IL2022-7109","YT_Urb_25"
"1378","1615639","IL2022-7110","YT_Urb_25"
"1379","1616658","IL2022-7368","YT_Urb_25"
"1380","1616626","IL2022-7442","YT_Urb_25"
"1381","1616075","IL2022-7446","YT_Urb_25"
"1382","1615906","IL2022-7448","YT_Urb_25"
"1383","1616340","IL2022-7565","YT_Urb_25"
"1384","1615606","IL2022-7612","YT_Urb_25"
"1385","1615193","IL2022-7745","YT_Urb_25"
"1386","1616231","IL2022-7956","YT_Urb_25"
"1387","1616660","IL2022-8157","YT_Urb_25"
"1388","1616694","IL2022-8161","YT_Urb_25"
"1389","1615861","IL2022-8676","YT_Urb_25"
"1390","1615466","IL2022-9906","YT_Urb_25"
"1391","1615928","IL2022-9913","YT_Urb_25"
"1392","1616829","IL2022-9929","YT_Urb_25"
"1393","1616103","IL2022-9948","YT_Urb_25"
"1394","1616827","IL2022F3S-21701","YT_Urb_25"
"1395","1615136","IL2022F3S-22106","YT_Urb_25"
"1396","1615028","IL2022F3S-22203","YT_Urb_25"
"1397","1616117","IL2022F3S-22301","YT_Urb_25"
"1398","1615452","IL2022F3S-22601","YT_Urb_25"
"1399","1616532","IL2022F3S-22603","YT_Urb_25"
"1400","1615966","IL2022F3S-22702","YT_Urb_25"
"1401","1615163","IL2022F3S-23203","YT_Urb_25"
"1402","1616220","IL2022F3S-23401","YT_Urb_25"
"1403","1615654","IL2022F3S-23402","YT_Urb_25"
"1404","1616151","IL2022F3S-23501","YT_Urb_25"
"1405","1756903","IL2022F3S-24501","YT_Urb_25"
"1406","1616773","IL2022F4S-10205","YT_Urb_25"
"1407","1616719","IL2022F4S-10704","YT_Urb_25"
"1408","1615116","IL2022F4S-10903","YT_Urb_25"
"1409","1616145","IL2022F4S-11001","YT_Urb_25"
"1410","1615904","IL2022F4S-11003","YT_Urb_25"
"1411","1616598","IL2022F4S-11202","YT_Urb_25"
"1412","1616306","IL2022F4S-11302","YT_Urb_25"
"1413","1616262","IL2022F4S-11703","YT_Urb_25"
"1414","1615695","IL2022F4S-11704","YT_Urb_25"
"1415","1615840","IL2022F4S-11802","YT_Urb_25"
"1416","1616008","IL2022F4S-11804","YT_Urb_25"
"1417","1615541","IL2022F4S-11806","YT_Urb_25"
"1418","1616753","IL2022F4S-12001","YT_Urb_25"
"1419","1615764","IL2022F4S-12101","YT_Urb_25"
"1420","1616118","IL2022F4S-12102","YT_Urb_25"
"1421","1616426","IL2022F4S-12303","YT_Urb_25"
"1422","1615514","IL2022F4S-12501","YT_Urb_25"
"1423","1615795","IL2022F4S-12603","YT_Urb_25"
"1424","1615694","IL2022F4S-12606","YT_Urb_25"
"1425","1616657","IL2022F4S-12801","YT_Urb_25"
"1426","1615064","IL2022F4S-12803","YT_Urb_25"
"1427","1616856","IL2022F4S-12804","YT_Urb_25"
"1428","1616859","IL2022F4S-12808","YT_Urb_25"
"1429","1615103","IL2022F4S-1302","YT_Urb_25"
"1430","1616738","IL2022F4S-13804","YT_Urb_25"
"1431","1615370","IL2022F4S-13806","YT_Urb_25"
"1432","1615611","IL2022F4S-13807","YT_Urb_25"
"1433","1616450","IL2022F4S-13902","YT_Urb_25"
"1434","1616855","IL2022F4S-14001","YT_Urb_25"
"1435","1615113","IL2022F4S-14002","YT_Urb_25"
"1436","1616160","IL2022F4S-1401","YT_Urb_25"
"1437","1615123","IL2022F4S-1402","YT_Urb_25"
"1438","1616124","IL2022F4S-14103","YT_Urb_25"
"1439","1616747","IL2022F4S-14808","YT_Urb_25"
"1440","1615428","IL2022F4S-14901","YT_Urb_25"
"1441","1615583","IL2022F4S-14905","YT_Urb_25"
"1442","1616743","IL2022F4S-14906","YT_Urb_25"
"1443","1756703","IL2022F4S-15004","YT_Urb_25"
"1444","1616141","IL2022F4S-1502","YT_Urb_25"
"1445","1616851","IL2022F4S-1503","YT_Urb_25"
"1446","1615245","IL2022F4S-1504","YT_Urb_25"
"1447","1616749","IL2022F4S-15101","YT_Urb_25"
"1448","1615098","IL2022F4S-15103","YT_Urb_25"
"1449","1616609","IL2022F4S-15201","YT_Urb_25"
"1450","1615390","IL2022F4S-15202","YT_Urb_25"
"1451","1615483","IL2022F4S-15203","YT_Urb_25"
"1452","1616281","IL2022F4S-15301","YT_Urb_25"
"1453","1615702","IL2022F4S-15302","YT_Urb_25"
"1454","1616332","IL2022F4S-15501","YT_Urb_25"
"1455","1615616","IL2022F4S-15903","YT_Urb_25"
"1456","1755789","IL2022F4S-16105","YT_Urb_25"
"1457","1615675","IL2022F4S-16106","YT_Urb_25"
"1458","1616577","IL2022F4S-17401","YT_Urb_25"
"1459","1615668","IL2022F4S-17601","YT_Urb_25"
"1460","1616737","IL2022F4S-18001","YT_Urb_25"
"1461","1615036","IL2022F4S-18401","YT_Urb_25"
"1462","1615585","IL2022F4S-1901","YT_Urb_25"
"1463","1615655","IL2022F4S-1904","YT_Urb_25"
"1464","1616086","IL2022F4S-19204","YT_Urb_25"
"1465","1615282","IL2022F4S-19503","YT_Urb_25"
"1466","1615140","IL2022F4S-19702","YT_Urb_25"
"1467","1616680","IL2022F4S-19704","YT_Urb_25"
"1468","1616079","IL2022F4S-19705","YT_Urb_25"
"1469","1615563","IL2022F4S-19707","YT_Urb_25"
"1470","1615893","IL2022F4S-19709","YT_Urb_25"
"1471","1615088","IL2022F4S-19903","YT_Urb_25"
"1472","1616765","IL2022F4S-20002","YT_Urb_25"
"1473","1616862","IL2022F4S-20003","YT_Urb_25"
"1474","1616725","IL2022F4S-2002","YT_Urb_25"
"1475","1616043","IL2022F4S-2003","YT_Urb_25"
"1476","1616062","IL2022F4S-20104","YT_Urb_25"
"1477","1616705","IL2022F4S-20105","YT_Urb_25"
"1478","1615609","IL2022F4S-20106","YT_Urb_25"
"1479","1616245","IL2022F4S-20201","YT_Urb_25"
"1480","1616509","IL2022F4S-20304","YT_Urb_25"
"1481","1616830","IL2022F4S-20401","YT_Urb_25"
"1482","1615373","IL2022F4S-20503","YT_Urb_25"
"1483","1616390","IL2022F4S-20505","YT_Urb_25"
"1484","1616492","IL2022F4S-20701","YT_Urb_25"
"1485","1615354","IL2022F4S-20902","YT_Urb_25"
"1486","1615704","IL2022F4S-2102","YT_Urb_25"
"1487","1615459","IL2022F4S-2103","YT_Urb_25"
"1488","1616571","IL2022F4S-2104","YT_Urb_25"
"1489","1616552","IL2022F4S-2105","YT_Urb_25"
"1490","1616410","IL2022F4S-2106","YT_Urb_25"
"1491","1755642","IL2022F4S-21206","YT_Urb_25"
"1492","1616140","IL2022F4S-21302","YT_Urb_25"
"1493","1615178","IL2022F4S-21305","YT_Urb_25"
"1494","1616413","IL2022F4S-21306","YT_Urb_25"
"1495","1616445","IL2022F4S-21601","YT_Urb_25"
"1496","1615308","IL2022F4S-2202","YT_Urb_25"
"1497","1615973","IL2022F4S-2704","YT_Urb_25"
"1498","1615405","IL2022F4S-3011","YT_Urb_25"
"1499","1616383","IL2022F4S-3012","YT_Urb_25"
"1500","1616880","IL2022F4S-3202","YT_Urb_25"
"1501","1615898","IL2022F4S-3204","YT_Urb_25"
"1502","1616313","IL2022F4S-3901","YT_Urb_25"
"1503","1616323","IL2022F4S-3905","YT_Urb_25"
"1504","1616620","IL2022F4S-3906","YT_Urb_25"
"1505","1615964","IL2022F4S-4802","YT_Urb_25"
"1506","1616385","IL2022F4S-4902","YT_Urb_25"
"1507","1615430","IL2022F4S-501","YT_Urb_25"
"1508","1616891","IL2022F4S-5301","YT_Urb_25"
"1509","1615833","IL2022F4S-5302","YT_Urb_25"
"1510","1616164","IL2022F4S-5503","YT_Urb_25"
"1511","1615054","IL2022F4S-5601","YT_Urb_25"
"1512","1616846","IL2022F4S-5603","YT_Urb_25"
"1513","1615238","IL2022F4S-5604","YT_Urb_25"
"1514","1615509","IL2022F4S-5701","YT_Urb_25"
"1515","1616279","IL2022F4S-5702","YT_Urb_25"
"1516","1616727","IL2022F4S-5801","YT_Urb_25"
"1517","1616800","IL2022F4S-6301","YT_Urb_25"
"1518","1616811","IL2022F4S-6401","YT_Urb_25"
"1519","1615155","IL2022F4S-6403","YT_Urb_25"
"1520","1615876","IL2022F4S-6501","YT_Urb_25"
"1521","1616247","IL2022F4S-6702","YT_Urb_25"
"1522","1616693","IL2022F4S-6801","YT_Urb_25"
"1523","1615884","IL2022F4S-6802","YT_Urb_25"
"1524","1615279","IL2022F4S-6803","YT_Urb_25"
"1525","1756642","IL2022F4S-7101","YT_Urb_25"
"1526","1616655","IL2022F4S-7401","YT_Urb_25"
"1527","1616463","IL2022F4S-801","YT_Urb_25"
"1528","1616179","IL2022F4S-8103","YT_Urb_25"
"1529","1615104","IL2022F4S-8301","YT_Urb_25"
"1530","1616213","IL2022F4S-8302","YT_Urb_25"
"1531","1616477","IL2022F4S-8701","YT_Urb_25"
"1532","1616698","IL2022F4S-8803","YT_Urb_25"
"1533","1615073","IL2022F4S-8804","YT_Urb_25"
"1534","1615055","IL2022F4S-8805","YT_Urb_25"
"1535","1615586","IL2022F4S-8902","YT_Urb_25"
"1536","1615350","IL2022F4S-8903","YT_Urb_25"
"1537","1616453","IL2022F4S-8904","YT_Urb_25"
"1538","1616427","IL2022F4S-902","YT_Urb_25"
"1539","1616136","IL2022F4S-904","YT_Urb_25"
"1540","1615685","IL2022F4S-9101","YT_Urb_25"
"1541","1616436","IL2022F4S-9102","YT_Urb_25"
"1542","1616296","IL2022F4S-9103","YT_Urb_25"
"1543","1615322","IL2022F4S-9106","YT_Urb_25"
"1544","1615507","IL2022F4S-9301","YT_Urb_25"
"1545","1616280","IL2022F4S-9302","YT_Urb_25"
"1546","1616470","IL2022F4S-9303","YT_Urb_25"
"1547","1615326","IL2022F4S-9304","YT_Urb_25"
"1548","1615642","IL2022F4S-9306","YT_Urb_25"
"1549","1615125","IL2022F4S-9308","YT_Urb_25"
"1550","1615445","IL2022F4S-9309","YT_Urb_25"
"1551","1616309","IL2022F4S-9402","YT_Urb_25"
"1552","1616424","IL2022F4S-9403","YT_Urb_25"
"1553","1616224","IL2022F4S-9501","YT_Urb_25"
"1554","1616589","IL2022F4S-9604","YT_Urb_25"
"1555","1615711","IL2022F4S-9806","YT_Urb_25"
"1556","1931781","IL2023-S10001","YT_Urb_25"
"1557","1931048","IL2023-S10005","YT_Urb_25"
"1558","1931602","IL2023-S1002","YT_Urb_25"
"1559","1932360","IL2023-S1006","YT_Urb_25"
"1560","1932425","IL2023-S101","YT_Urb_25"
"1561","1931712","IL2023-S10105","YT_Urb_25"
"1562","1931173","IL2023-S103","YT_Urb_25"
"1563","1932398","IL2023-S10301","YT_Urb_25"
"1564","1931198","IL2023-S10501","YT_Urb_25"
"1565","1931047","IL2023-S10502","YT_Urb_25"
"1566","1930198","IL2023-S10503","YT_Urb_25"
"1567","1931382","IL2023-S10707","YT_Urb_25"
"1568","1932585","IL2023-S10801","YT_Urb_25"
"1569","1931885","IL2023-S10804","YT_Urb_25"
"1570","1930638","IL2023-S10805","YT_Urb_25"
"1571","1932568","IL2023-S10806","YT_Urb_25"
"1572","1930634","IL2023-S10901","YT_Urb_25"
"1573","1930719","IL2023-S10903","YT_Urb_25"
"1574","1932547","IL2023-S10905","YT_Urb_25"
"1575","1930662","IL2023-S10906","YT_Urb_25"
"1576","1931902","IL2023-S10907","YT_Urb_25"
"1577","1930782","IL2023-S11001","YT_Urb_25"
"1578","1930967","IL2023-S11002","YT_Urb_25"
"1579","1930807","IL2023-S11006","YT_Urb_25"
"1580","1932078","IL2023-S11007","YT_Urb_25"
"1581","1931900","IL2023-S11008","YT_Urb_25"
"1582","1932107","IL2023-S1103","YT_Urb_25"
"1583","1931473","IL2023-S11101","YT_Urb_25"
"1584","1932573","IL2023-S11103","YT_Urb_25"
"1585","1930689","IL2023-S11105","YT_Urb_25"
"1586","1930087","IL2023-S11107","YT_Urb_25"
"1587","1930591","IL2023-S11109","YT_Urb_25"
"1588","1930950","IL2023-S11201","YT_Urb_25"
"1589","1930793","IL2023-S11202","YT_Urb_25"
"1590","1930322","IL2023-S11204","YT_Urb_25"
"1591","1931551","IL2023-S11205","YT_Urb_25"
"1592","1932236","IL2023-S11207","YT_Urb_25"
"1593","1931739","IL2023-S11208","YT_Urb_25"
"1594","1930751","IL2023-S11304","YT_Urb_25"
"1595","1930110","IL2023-S11306","YT_Urb_25"
"1596","1931488","IL2023-S11307","YT_Urb_25"
"1597","1932650","IL2023-S11308","YT_Urb_25"
"1598","1930489","IL2023-S11401","YT_Urb_25"
"1599","1930888","IL2023-S11403","YT_Urb_25"
"1600","1932433","IL2023-S11405","YT_Urb_25"
"1601","1930439","IL2023-S11406","YT_Urb_25"
"1602","1932182","IL2023-S11408","YT_Urb_25"
"1603","1931537","IL2023-S11409","YT_Urb_25"
"1604","1931540","IL2023-S11501","YT_Urb_25"
"1605","1931392","IL2023-S11502","YT_Urb_25"
"1606","1932503","IL2023-S11503","YT_Urb_25"
"1607","1932223","IL2023-S11504","YT_Urb_25"
"1608","1930973","IL2023-S11505","YT_Urb_25"
"1609","1931559","IL2023-S11506","YT_Urb_25"
"1610","1930344","IL2023-S11507","YT_Urb_25"
"1611","1932036","IL2023-S11604","YT_Urb_25"
"1612","1930812","IL2023-S11605","YT_Urb_25"
"1613","1931383","IL2023-S11606","YT_Urb_25"
"1614","1932488","IL2023-S11701","YT_Urb_25"
"1615","1932664","IL2023-S11702","YT_Urb_25"
"1616","1931775","IL2023-S11704","YT_Urb_25"
"1617","1930431","IL2023-S11705","YT_Urb_25"
"1618","1932442","IL2023-S11706","YT_Urb_25"
"1619","1930272","IL2023-S11801","YT_Urb_25"
"1620","1931112","IL2023-S11803","YT_Urb_25"
"1621","1932321","IL2023-S11805","YT_Urb_25"
"1622","1930246","IL2023-S11806","YT_Urb_25"
"1623","1932467","IL2023-S11808","YT_Urb_25"
"1624","1931791","IL2023-S11809","YT_Urb_25"
"1625","1931237","IL2023-S11810","YT_Urb_25"
"1626","1930426","IL2023-S11908","YT_Urb_25"
"1627","1931934","IL2023-S11910","YT_Urb_25"
"1628","1931461","IL2023-S12007","YT_Urb_25"
"1629","1932598","IL2023-S12008","YT_Urb_25"
"1630","1931336","IL2023-S1209","YT_Urb_25"
"1631","1931129","IL2023-S12203","YT_Urb_25"
"1632","1930843","IL2023-S12301","YT_Urb_25"
"1633","1930790","IL2023-S12306","YT_Urb_25"
"1634","1930484","IL2023-S12310","YT_Urb_25"
"1635","1931028","IL2023-S12401","YT_Urb_25"
"1636","1930343","IL2023-S12403","YT_Urb_25"
"1637","1931033","IL2023-S12509","YT_Urb_25"
"1638","1930059","IL2023-S12605","YT_Urb_25"
"1639","1932168","IL2023-S12606","YT_Urb_25"
"1640","1930586","IL2023-S12608","YT_Urb_25"
"1641","1931261","IL2023-S12609","YT_Urb_25"
"1642","1931606","IL2023-S12901","YT_Urb_25"
"1643","1930281","IL2023-S12907","YT_Urb_25"
"1644","1931514","IL2023-S1301","YT_Urb_25"
"1645","1930521","IL2023-S1304","YT_Urb_25"
"1646","1931556","IL2023-S13101","YT_Urb_25"
"1647","1930895","IL2023-S13202","YT_Urb_25"
"1648","1931765","IL2023-S13309","YT_Urb_25"
"1649","1930433","IL2023-S13402","YT_Urb_25"
"1650","1930514","IL2023-S13406","YT_Urb_25"
"1651","1931951","IL2023-S13407","YT_Urb_25"
"1652","1932586","IL2023-S13503","YT_Urb_25"
"1653","1930321","IL2023-S13802","YT_Urb_25"
"1654","1930792","IL2023-S13804","YT_Urb_25"
"1655","1930892","IL2023-S1401","YT_Urb_25"
"1656","1930928","IL2023-S14205","YT_Urb_25"
"1657","1932446","IL2023-S14401","YT_Urb_25"
"1658","1930262","IL2023-S14408","YT_Urb_25"
"1659","1930476","IL2023-S14503","YT_Urb_25"
"1660","1930227","IL2023-S14504","YT_Urb_25"
"1661","1930627","IL2023-S14702","YT_Urb_25"
"1662","1932210","IL2023-S14801","YT_Urb_25"
"1663","1932026","IL2023-S14802","YT_Urb_25"
"1664","1930975","IL2023-S14807","YT_Urb_25"
"1665","1930956","IL2023-S15005","YT_Urb_25"
"1666","1930511","IL2023-S15009","YT_Urb_25"
"1667","1931819","IL2023-S1502","YT_Urb_25"
"1668","1931814","IL2023-S15108","YT_Urb_25"
"1669","1932489","IL2023-S15109","YT_Urb_25"
"1670","1932631","IL2023-S15203","YT_Urb_25"
"1671","1930847","IL2023-S15602","YT_Urb_25"
"1672","1930388","IL2023-S15603","YT_Urb_25"
"1673","1932201","IL2023-S15607","YT_Urb_25"
"1674","1931227","IL2023-S1601","YT_Urb_25"
"1675","1931576","IL2023-S1602","YT_Urb_25"
"1676","1930470","IL2023-S1603","YT_Urb_25"
"1677","1932120","IL2023-S1604","YT_Urb_25"
"1678","1931629","IL2023-S1605","YT_Urb_25"
"1679","1930804","IL2023-S1607","YT_Urb_25"
"1680","1930154","IL2023-S1608","YT_Urb_25"
"1681","1932004","IL2023-S16206","YT_Urb_25"
"1682","1932559","IL2023-S16302","YT_Urb_25"
"1683","1931731","IL2023-S16304","YT_Urb_25"
"1684","1932413","IL2023-S16306","YT_Urb_25"
"1685","1931162","IL2023-S16307","YT_Urb_25"
"1686","1931870","IL2023-S16804","YT_Urb_25"
"1687","1930666","IL2023-S16805","YT_Urb_25"
"1688","1931320","IL2023-S16807","YT_Urb_25"
"1689","1930141","IL2023-S16808","YT_Urb_25"
"1690","1931273","IL2023-S1701","YT_Urb_25"
"1691","1931591","IL2023-S1702","YT_Urb_25"
"1692","1930148","IL2023-S1708","YT_Urb_25"
"1693","1932185","IL2023-S1709","YT_Urb_25"
"1694","1930363","IL2023-S18307","YT_Urb_25"
"1695","1931275","IL2023-S208","YT_Urb_25"
"1696","1931910","IL2023-S209","YT_Urb_25"
"1697","1930827","IL2023-S2206","YT_Urb_25"
"1698","1931149","IL2023-S2302","YT_Urb_25"
"1699","1930864","IL2023-S2401","YT_Urb_25"
"1700","1932499","IL2023-S2404","YT_Urb_25"
"1701","1931714","IL2023-S2505","YT_Urb_25"
"1702","1932112","IL2023-S2604","YT_Urb_25"
"1703","1930858","IL2023-S2607","YT_Urb_25"
"1704","1931835","IL2023-S2610","YT_Urb_25"
"1705","1931239","IL2023-S3002","YT_Urb_25"
"1706","1932135","IL2023-S3003","YT_Urb_25"
"1707","1931295","IL2023-S3005","YT_Urb_25"
"1708","1931489","IL2023-S303","YT_Urb_25"
"1709","1930127","IL2023-S306","YT_Urb_25"
"1710","1931040","IL2023-S307","YT_Urb_25"
"1711","1930903","IL2023-S309","YT_Urb_25"
"1712","1930421","IL2023-S310","YT_Urb_25"
"1713","1932206","IL2023-S3304","YT_Urb_25"
"1714","1931904","IL2023-S3310","YT_Urb_25"
"1715","1930863","IL2023-S3402","YT_Urb_25"
"1716","1932507","IL2023-S3403","YT_Urb_25"
"1717","1930212","IL2023-S3404","YT_Urb_25"
"1718","1931453","IL2023-S3407","YT_Urb_25"
"1719","1930216","IL2023-S3504","YT_Urb_25"
"1720","1930716","IL2023-S3505","YT_Urb_25"
"1721","1931268","IL2023-S3510","YT_Urb_25"
"1722","1930173","IL2023-S3613","YT_Urb_25"
"1723","1930981","IL2023-S4004","YT_Urb_25"
"1724","1930202","IL2023-S4005","YT_Urb_25"
"1725","1931342","IL2023-S406","YT_Urb_25"
"1726","1932397","IL2023-S4102","YT_Urb_25"
"1727","1931970","IL2023-S4104","YT_Urb_25"
"1728","1932024","IL2023-S4111","YT_Urb_25"
"1729","1931697","IL2023-S4113","YT_Urb_25"
"1730","1931850","IL2023-S4202","YT_Urb_25"
"1731","1930225","IL2023-S4203","YT_Urb_25"
"1732","1932621","IL2023-S4302","YT_Urb_25"
"1733","1930745","IL2023-S4303","YT_Urb_25"
"1734","1931737","IL2023-S4304","YT_Urb_25"
"1735","1932092","IL2023-S4401","YT_Urb_25"
"1736","1930420","IL2023-S4402","YT_Urb_25"
"1737","1931297","IL2023-S4404","YT_Urb_25"
"1738","1930460","IL2023-S4405","YT_Urb_25"
"1739","1931942","IL2023-S4408","YT_Urb_25"
"1740","1930098","IL2023-S4411","YT_Urb_25"
"1741","1932352","IL2023-S4507","YT_Urb_25"
"1742","1931754","IL2023-S4508","YT_Urb_25"
"1743","1930214","IL2023-S4804","YT_Urb_25"
"1744","1932118","IL2023-S4905","YT_Urb_25"
"1745","1931384","IL2023-S502","YT_Urb_25"
"1746","1932149","IL2023-S5105","YT_Urb_25"
"1747","1931148","IL2023-S5201","YT_Urb_25"
"1748","1930549","IL2023-S5203","YT_Urb_25"
"1749","1931088","IL2023-S5303","YT_Urb_25"
"1750","1932232","IL2023-S5305","YT_Urb_25"
"1751","1930089","IL2023-S5402","YT_Urb_25"
"1752","1931945","IL2023-S5403","YT_Urb_25"
"1753","1930965","IL2023-S5404","YT_Urb_25"
"1754","1931155","IL2023-S5506","YT_Urb_25"
"1755","1931677","IL2023-S5603","YT_Urb_25"
"1756","1930917","IL2023-S5606","YT_Urb_25"
"1757","1931684","IL2023-S5703","YT_Urb_25"
"1758","1930927","IL2023-S5706","YT_Urb_25"
"1759","1931492","IL2023-S5801","YT_Urb_25"
"1760","1930309","IL2023-S5806","YT_Urb_25"
"1761","1930650","IL2023-S5907","YT_Urb_25"
"1762","1931716","IL2023-S5909","YT_Urb_25"
"1763","1932317","IL2023-S5910","YT_Urb_25"
"1764","1932220","IL2023-S6006","YT_Urb_25"
"1765","1931316","IL2023-S6007","YT_Urb_25"
"1766","1932406","IL2023-S6009","YT_Urb_25"
"1767","1930062","IL2023-S602","YT_Urb_25"
"1768","1930695","IL2023-S6102","YT_Urb_25"
"1769","1930331","IL2023-S6104","YT_Urb_25"
"1770","1931655","IL2023-S6107","YT_Urb_25"
"1771","1930578","IL2023-S6210","YT_Urb_25"
"1772","1930490","IL2023-S6211","YT_Urb_25"
"1773","1931958","IL2023-S6301","YT_Urb_25"
"1774","1932407","IL2023-S6303","YT_Urb_25"
"1775","1930615","IL2023-S6403","YT_Urb_25"
"1776","1932542","IL2023-S6406","YT_Urb_25"
"1777","1932665","IL2023-S6604","YT_Urb_25"
"1778","1930675","IL2023-S6608","YT_Urb_25"
"1779","1930696","IL2023-S6701","YT_Urb_25"
"1780","1931654","IL2023-S6710","YT_Urb_25"
"1781","1932501","IL2023-S6802","YT_Urb_25"
"1782","1932372","IL2023-S6805","YT_Urb_25"
"1783","1931611","IL2023-S6806","YT_Urb_25"
"1784","1931202","IL2023-S6808","YT_Urb_25"
"1785","1931139","IL2023-S6905","YT_Urb_25"
"1786","1932003","IL2023-S6907","YT_Urb_25"
"1787","1930461","IL2023-S702","YT_Urb_25"
"1788","1931187","IL2023-S703","YT_Urb_25"
"1789","1932175","IL2023-S7303","YT_Urb_25"
"1790","1930500","IL2023-S7304","YT_Urb_25"
"1791","1931333","IL2023-S7305","YT_Urb_25"
"1792","1930597","IL2023-S7309","YT_Urb_25"
"1793","1930780","IL2023-S7310","YT_Urb_25"
"1794","1930820","IL2023-S7401","YT_Urb_25"
"1795","1932567","IL2023-S7404","YT_Urb_25"
"1796","1931894","IL2023-S7502","YT_Urb_25"
"1797","1930189","IL2023-S7503","YT_Urb_25"
"1798","1930566","IL2023-S7603","YT_Urb_25"
"1799","1932216","IL2023-S7604","YT_Urb_25"
"1800","1931636","IL2023-S7804","YT_Urb_25"
"1801","1930805","IL2023-S7902","YT_Urb_25"
"1802","1931761","IL2023-S8102","YT_Urb_25"
"1803","1932184","IL2023-S8106","YT_Urb_25"
"1804","1931352","IL2023-S8107","YT_Urb_25"
"1805","1931417","IL2023-S8111","YT_Urb_25"
"1806","1931905","IL2023-S8204","YT_Urb_25"
"1807","1932364","IL2023-S8304","YT_Urb_25"
"1808","1931876","IL2023-S8305","YT_Urb_25"
"1809","1930375","IL2023-S8308","YT_Urb_25"
"1810","1930647","IL2023-S8404","YT_Urb_25"
"1811","1932385","IL2023-S8508","YT_Urb_25"
"1812","1930313","IL2023-S8604","YT_Urb_25"
"1813","1931757","IL2023-S8701","YT_Urb_25"
"1814","1931331","IL2023-S8806","YT_Urb_25"
"1815","1931388","IL2023-S8902","YT_Urb_25"
"1816","1932263","IL2023-S9006","YT_Urb_25"
"1817","1930187","IL2023-S902","YT_Urb_25"
"1818","1932642","IL2023-S910","YT_Urb_25"
"1819","1931925","IL2023-S913","YT_Urb_25"
"1820","1932391","IL2023-S9201","YT_Urb_25"
"1821","1930987","IL2023-S9204","YT_Urb_25"
"1822","1931924","IL2023-S9301","YT_Urb_25"
"1823","1930924","IL2023-S9302","YT_Urb_25"
"1824","1932444","IL2023-S9303","YT_Urb_25"
"1825","1930146","IL2023-S9304","YT_Urb_25"
"1826","1930958","IL2023-S9305","YT_Urb_25"
"1827","1931127","IL2023-S9401","YT_Urb_25"
"1828","1931566","IL2023-S9502","YT_Urb_25"
"1829","1931811","IL2023-S9602","YT_Urb_25"
"1830","1930544","IL2023-S9608","YT_Urb_25"
"1831","1930979","IL2023-S9803","YT_Urb_25"
"1832","1931983","IL2023-S9804","YT_Urb_25"
"1833","228695","KASKASKIA","YT_Urb_25"
"1834","1385088","Pio 25R74","YT_Urb_25"
"1835","1660968","PIONEER25R76","YT_Urb_25"
"1836","1910575","Amigos","STP1_2025_MCG"
"1837","1797703","GoWheat 9216H","STP1_2025_MCG"
"1838","921704","TAM 114","STP1_2025_MCG"
"1839","1259791","TAM 204","STP1_2025_MCG"
"1840","1455994","TAM304","STP1_2025_MCG"
"1841","1910571","TX19DH583","STP1_2025_MCG"
"1842","1910573","TX19DH624","STP1_2025_MCG"
"1843","1910565","TX24M8029","STP1_2025_MCG"
"1844","1910550","TX24M8035","STP1_2025_MCG"
"1845","1910545","TX24M8038","STP1_2025_MCG"
"1846","1910546","TX24M8039","STP1_2025_MCG"
"1847","1910564","TX24M8048","STP1_2025_MCG"
"1848","1910549","TX24M8054","STP1_2025_MCG"
"1849","1910563","TX24M8123","STP1_2025_MCG"
"1850","1910553","TX24M8136","STP1_2025_MCG"
"1851","1910579","TX24M8148","STP1_2025_MCG"
"1852","1910577","TX24M8157","STP1_2025_MCG"
"1853","1910548","TX24M8194","STP1_2025_MCG"
"1854","1910572","TX24M8280","STP1_2025_MCG"
"1855","1910567","TX24M8329","STP1_2025_MCG"
"1856","1910558","TX24M8333","STP1_2025_MCG"
"1857","1910554","TX24M8335","STP1_2025_MCG"
"1858","1910566","TX24M8340","STP1_2025_MCG"
"1859","1910574","TX24M8343","STP1_2025_MCG"
"1860","1910580","TX24M8346","STP1_2025_MCG"
"1861","1910552","TX24M8354","STP1_2025_MCG"
"1862","1910562","TX24M8369","STP1_2025_MCG"
"1863","1910551","TX24M8390","STP1_2025_MCG"
"1864","1910560","TX24M8394","STP1_2025_MCG"
"1865","1910561","TX24M8396","STP1_2025_MCG"
"1866","1910576","TX24M8397","STP1_2025_MCG"
"1867","1910555","TX24M8398","STP1_2025_MCG"
"1868","1910556","TX24M8399","STP1_2025_MCG"
"1869","1910570","TX24M8401","STP1_2025_MCG"
"1870","1910578","TX24M8408","STP1_2025_MCG"
"1871","1910559","TX24M8411","STP1_2025_MCG"
"1872","1910568","TX24M8412","STP1_2025_MCG"
"1873","1910557","TX24M8416","STP1_2025_MCG"
"1874","1910547","TX24M8419","STP1_2025_MCG"
"1875","1910569","TX24M8433","STP1_2025_MCG"
